order_id,order_date,region,category,product,quantity,unit_price,discount,revenue
ORD-1001,2023-09-08,East,Electronics,Laptop,2,381.4,0.0,762.8
ORD-1002,2023-02-02,West,Electronics,Smartwatch,1,321.8,,321.8
ORD-1003,2023-08-14,West,Clothing,Sneakers,4,126.07,0.2,403.42
ORD-1004,2023-10-12,East,Clothing,Dress,2,58.76,0.2,94.02
ORD-1005,2024-09-10,East,Electronics,Headphones,3,1249.27,0.15,3185.64
ORD-1006,2024-10-05,East,Sports,Yoga Mat,5,223.08,0.0,1115.4
ORD-1007,2023-03-23,East,Electronics,Smartphone,2,1326.43,0.05,2520.22
ORD-1008,2023-12-30,East,Home & Kitchen,Coffee Maker,2,210.95,0.15,358.61
ORD-1009,2023-06-17,South,Books,Self-Help,4,22.08,0.15,75.07
ORD-1010,2023-02-02,South,Home & Kitchen,Blender,3,138.31,0.0,414.93
ORD-1011,2024-02-10,West,Home & Kitchen,Coffee Maker,4,68.58,0.0,274.32
ORD-1012,2024-08-20,West,Home & Kitchen,Toaster,4,127.74,0.0,510.96
ORD-1013,2024-10-04,South,Electronics,Laptop,2,1229.7,0.05,2336.43
ORD-1014,2024-07-20,East,Books,History,1,35.61,0.0,35.61
ORD-1015,2023-10-28,North,Home & Kitchen,Air Fryer,4,72.7,0.0,290.8
ORD-1016,2024-06-03,South,Home & Kitchen,Toaster,1,265.04,0.0,265.04
ORD-1017,2023-06-15,East,Clothing,Jeans,5,191.63,0.1,862.34
ORD-1018,2024-01-07,North,Sports,Yoga Mat,3,71.27,0.0,213.81
ORD-1019,2024-06-29,North,Electronics,Tablet,2,366.91,0.05,697.13
ORD-1020,2023-08-05,West,Books,Cookbook,5,38.99,0.15,165.71
ORD-1021,2023-05-04,,Home & Kitchen,Vacuum,2,90.67,0.0,181.34
ORD-1022,2023-03-14,North,Books,Self-Help,1,15.3,0.0,15.3
ORD-1023,2023-08-08,West,Clothing,Jacket,5,43.82,0.1,197.19
ORD-1024,2023-04-07,South,Sports,Tennis Racket,1,169.86,0.0,169.86
ORD-1025,2024-02-17,North,Electronics,Laptop,3,1240.77,0.0,3722.31
ORD-1026,2023-07-07,West,Sports,Dumbbells,3,123.72,0.2,296.93
ORD-1027,2024-10-29,North,Books,Fiction Novel,5,42.62,0.0,213.1
ORD-1028,2024-05-07,West,Clothing,Dress,2,175.64,,351.28
ORD-1029,2023-10-20,West,Sports,Cycling Helmet,4,178.7,0.15,607.58
ORD-1030,2023-10-31,South,Sports,Dumbbells,2,242.65,0.1,436.77
ORD-1031,2024-08-21,North,Home & Kitchen,Blender,4,165.77,0.2,530.46
ORD-1032,2023-03-12,South,Books,Fiction Novel,5,8.06,0.2,32.24
ORD-1033,2024-09-26,North,Books,Self-Help,1,23.87,0.1,21.48
ORD-1034,2023-09-02,East,Home & Kitchen,Coffee Maker,3,136.86,0.15,348.99
ORD-1035,2024-09-28,West,Electronics,Laptop,5,1494.93,0.0,7474.65
ORD-1036,2023-09-08,North,Clothing,Jacket,3,71.3,0.05,203.2
ORD-1037,2024-11-14,North,Books,Cookbook,5,18.47,0.15,78.5
ORD-1038,2024-07-20,North,Home & Kitchen,Blender,2,103.53,0.1,186.35
ORD-1039,2023-09-15,West,Home & Kitchen,Toaster,1,54.92,0.05,52.17
ORD-1040,2023-06-15,East,Home & Kitchen,Coffee Maker,4,178.95,0.05,680.01
ORD-1041,2024-01-14,North,Clothing,Sneakers,5,119.45,0.05,567.39
ORD-1042,2024-11-29,South,Electronics,Headphones,2,1067.01,0.0,2134.02
ORD-1043,2023-08-31,South,Sports,Running Shoes,2,244.41,0.2,391.06
ORD-1044,2024-11-16,West,Clothing,Jacket,2,68.03,0.2,108.85
ORD-1045,2023-07-24,South,Electronics,Tablet,4,654.56,0.2,2094.59
ORD-1046,2023-12-03,West,Electronics,Smartphone,3,1323.66,0.2,3176.78
ORD-1047,2023-01-29,East,Sports,Running Shoes,1,221.1,0.0,221.1
ORD-1048,2024-09-02,North,Home & Kitchen,Blender,4,123.34,0.2,394.69
ORD-1049,2024-08-13,West,Books,Fiction Novel,2,16.46,0.15,27.98
ORD-1050,2024-03-17,East,Books,Self-Help,1,47.7,0.0,47.7
ORD-1051,2024-11-13,East,Electronics,Headphones,4,624.04,0.15,2121.74
ORD-1052,2024-09-22,South,Sports,Tennis Racket,5,85.72,0.1,385.74
ORD-1053,2024-04-21,East,Clothing,Dress,4,99.59,0.0,398.36
ORD-1054,2024-06-11,East,Clothing,T-Shirt,5,80.33,0.2,321.32
ORD-1055,2023-05-31,South,Home & Kitchen,Coffee Maker,1,42.48,0.05,40.36
ORD-1056,2024-12-14,South,Sports,Tennis Racket,4,131.18,0.0,524.72
ORD-1057,2023-06-30,South,Electronics,Tablet,5,803.91,0.1,3617.59
ORD-1058,2024-11-14,West,Sports,Dumbbells,5,247.15,0.1,1112.17
ORD-1059,2024-07-15,West,Sports,Running Shoes,4,225.84,0.15,767.86
ORD-1060,2024-10-03,West,Clothing,Jacket,2,69.43,0.0,138.86
ORD-1061,2023-05-22,North,Home & Kitchen,Air Fryer,2,92.44,0.15,157.15
ORD-1062,2024-07-09,East,Sports,Tennis Racket,4,112.71,0.0,450.84
ORD-1063,2024-05-03,West,Books,Fiction Novel,1,47.42,0.0,47.42
ORD-1064,2024-05-14,,Sports,Running Shoes,2,79.14,0.05,150.37
ORD-1065,2023-05-11,West,Sports,Dumbbells,5,140.52,0.05,667.47
ORD-1066,2024-04-17,South,Electronics,Tablet,2,265.37,0.05,504.2
ORD-1067,2024-03-07,,Home & Kitchen,Vacuum,3,255.43,0.05,727.98
ORD-1068,2024-10-29,North,Home & Kitchen,Coffee Maker,1,233.64,,233.64
ORD-1069,2024-04-29,South,Clothing,Jeans,1,121.51,0.0,121.51
ORD-1070,2023-06-17,North,Home & Kitchen,Coffee Maker,3,59.19,0.0,177.57
ORD-1071,2023-03-19,South,Sports,Tennis Racket,5,177.29,0.15,753.48
ORD-1072,2024-08-02,North,Home & Kitchen,Toaster,1,123.75,0.05,117.56
ORD-1073,2024-05-16,West,Home & Kitchen,Blender,1,147.05,0.0,147.05
ORD-1074,2024-06-18,South,Clothing,Dress,3,130.86,0.1,353.32
ORD-1075,2023-09-09,East,Books,Science,1,17.55,0.05,16.67
ORD-1076,2023-01-30,East,Books,History,4,43.29,0.0,173.16
ORD-1077,2024-09-02,East,Home & Kitchen,Air Fryer,3,180.06,0.1,486.16
ORD-1078,2024-12-08,South,Sports,Tennis Racket,4,166.79,,633.8
ORD-1079,2024-12-09,West,Home & Kitchen,Coffee Maker,2,112.68,0.1,202.82
ORD-1080,2023-12-27,East,Home & Kitchen,Vacuum,4,103.15,0.0,412.6
ORD-1081,2023-07-16,South,Home & Kitchen,Blender,2,229.42,0.0,458.84
ORD-1082,2023-04-13,East,Books,Cookbook,2,18.33,,36.66
ORD-1083,2023-02-16,East,Books,Self-Help,1,29.9,0.15,25.41
ORD-1084,2024-08-10,North,Sports,Yoga Mat,3,125.31,0.05,357.13
ORD-1085,2023-03-08,North,Home & Kitchen,Vacuum,4,162.77,0.1,585.97
ORD-1086,2023-03-29,East,Clothing,Sneakers,2,41.32,0.2,66.11
ORD-1087,2024-04-06,West,Books,Self-Help,4,18.38,0.1,66.17
ORD-1088,2023-08-01,North,Books,Fiction Novel,2,16.91,0.0,33.82
ORD-1089,2024-02-23,North,Electronics,Smartphone,4,1096.18,0.05,4165.48
ORD-1090,2024-12-04,North,Home & Kitchen,Vacuum,2,279.46,0.2,447.14
ORD-1091,2024-07-11,North,Clothing,Dress,2,136.57,0.0,273.14
ORD-1092,2024-03-25,East,Clothing,Jacket,1,104.37,0.0,104.37
ORD-1093,2024-03-24,West,Books,Cookbook,1,31.91,0.05,30.31
ORD-1094,2024-11-21,South,Electronics,Laptop,5,963.26,0.0,4816.3
ORD-1095,2023-06-29,North,Home & Kitchen,Toaster,4,170.12,0.05,646.46
ORD-1096,2023-04-04,West,Books,History,4,20.66,0.0,82.64
ORD-1097,2024-12-11,West,Clothing,Jacket,4,71.88,0.05,273.14
ORD-1098,2023-09-16,East,Sports,Yoga Mat,3,42.24,0.2,101.38
ORD-1099,2024-02-28,West,Electronics,Smartwatch,1,443.86,0.0,443.86
ORD-1100,2023-10-01,South,Sports,Yoga Mat,5,45.79,0.0,228.95
ORD-1101,2024-12-27,South,Electronics,Laptop,2,603.98,0.0,1207.96
ORD-1102,2024-10-25,North,Electronics,Tablet,2,847.89,0.15,1441.41
ORD-1103,2023-09-07,West,Sports,Tennis Racket,4,144.55,0.05,549.29
ORD-1104,2024-02-29,East,Clothing,T-Shirt,3,188.16,,508.03
ORD-1105,2023-06-02,West,Home & Kitchen,Toaster,4,175.42,0.0,701.68
ORD-1106,2023-07-13,East,Sports,Tennis Racket,2,149.37,0.0,298.74
ORD-1107,2024-01-31,West,Home & Kitchen,Vacuum,2,163.74,0.0,327.48
ORD-1108,2023-04-13,West,Home & Kitchen,Blender,5,275.82,0.0,1379.1
ORD-1109,2023-09-29,West,Clothing,T-Shirt,3,132.19,0.05,376.74
ORD-1110,2024-10-03,East,Books,History,4,44.26,0.0,177.04
ORD-1111,2024-03-20,North,Home & Kitchen,Coffee Maker,1,235.3,0.15,200.0
ORD-1112,2023-11-29,North,Home & Kitchen,Blender,1,109.21,0.0,109.21
ORD-1113,2023-06-24,South,Sports,Running Shoes,2,33.56,0.2,53.7
ORD-1114,2023-08-26,South,Sports,Running Shoes,4,164.91,,626.66
ORD-1115,2023-03-17,South,Sports,Cycling Helmet,4,237.13,0.1,853.67
ORD-1116,2023-07-23,East,Home & Kitchen,Vacuum,4,260.4,0.0,1041.6
ORD-1117,2023-01-23,East,Books,Science,4,17.35,0.1,62.46
ORD-1118,2023-10-21,West,Electronics,Smartwatch,2,989.18,0.0,1978.36
ORD-1119,2024-10-04,North,Home & Kitchen,Coffee Maker,1,113.41,0.05,107.74
ORD-1120,2023-12-01,East,Clothing,T-Shirt,4,51.62,0.0,206.48
ORD-1121,2023-06-18,East,Home & Kitchen,Toaster,3,276.79,0.05,788.85
ORD-1122,2023-03-19,West,Home & Kitchen,Blender,2,233.62,0.0,467.24
ORD-1123,2023-04-03,East,Sports,Running Shoes,4,18.27,0.1,65.77
ORD-1124,2024-10-15,West,Home & Kitchen,Toaster,3,59.25,0.0,177.75
ORD-1125,2024-10-25,South,Books,Science,1,33.59,0.05,31.91
ORD-1126,2023-02-16,South,Sports,Yoga Mat,1,86.53,0.05,82.2
ORD-1127,2024-04-09,West,Books,Self-Help,3,35.17,0.15,89.68
ORD-1128,2024-11-01,West,Books,Self-Help,1,42.52,0.1,38.27
ORD-1129,2024-03-30,South,Electronics,Headphones,4,1435.72,0.2,4594.3
ORD-1130,2023-03-04,East,Home & Kitchen,Toaster,4,104.49,0.0,417.96
ORD-1131,2023-02-21,North,Electronics,Smartphone,3,516.64,0.0,1549.92
ORD-1132,2023-08-27,South,Books,Self-Help,3,39.85,,95.64
ORD-1133,2023-06-28,East,Clothing,Jeans,1,138.99,0.0,138.99
ORD-1134,2023-01-17,East,Clothing,Sneakers,2,67.77,0.0,135.54
ORD-1135,2024-01-06,West,Electronics,Tablet,5,971.77,0.05,4615.91
ORD-1136,2024-04-14,East,Electronics,Smartwatch,1,279.07,0.05,265.12
ORD-1137,2023-03-17,West,Electronics,Tablet,1,618.75,0.0,618.75
ORD-1138,2024-01-26,East,Books,Cookbook,5,28.88,0.05,137.18
ORD-1139,2024-03-16,South,Electronics,Smartwatch,4,1354.52,0.05,5147.18
ORD-1140,2024-03-13,East,Sports,Yoga Mat,3,171.3,0.0,513.9
ORD-1141,2023-03-29,North,Sports,Yoga Mat,1,116.49,0.15,99.02
ORD-1142,2024-11-17,East,Books,Fiction Novel,1,23.49,0.2,18.79
ORD-1143,2023-12-27,East,Electronics,Headphones,1,951.29,0.0,951.29
ORD-1144,2023-04-28,East,Electronics,Headphones,3,946.33,0.2,2271.19
ORD-1145,2024-09-15,North,Books,Cookbook,3,6.3,0.0,18.9
ORD-1146,2023-07-05,North,Home & Kitchen,Air Fryer,2,182.91,0.05,347.53
ORD-1147,2024-01-21,South,Electronics,Laptop,4,789.74,0.0,3158.96
ORD-1148,2023-02-23,North,Books,Cookbook,2,12.08,0.1,21.74
ORD-1149,2024-09-13,West,Sports,Tennis Racket,4,112.33,0.0,449.32
ORD-1150,2024-11-25,East,Sports,Yoga Mat,5,129.36,0.15,549.78
ORD-1151,2023-07-29,North,Books,Fiction Novel,3,47.54,0.2,114.1
ORD-1152,2024-05-24,North,Home & Kitchen,Blender,4,77.44,0.05,294.27
ORD-1153,2024-02-11,North,Books,Science,1,24.63,0.05,23.4
ORD-1154,2024-12-27,,Books,History,4,18.03,0.05,68.51
ORD-1155,2023-04-01,East,Books,History,4,43.0,0.0,172.0
ORD-1156,2023-12-14,East,Electronics,Tablet,2,632.99,0.0,1265.98
ORD-1157,2023-12-24,South,Books,Cookbook,3,37.73,0.2,90.55
ORD-1158,2023-07-22,East,Electronics,Smartphone,2,983.12,0.2,1572.99
ORD-1159,2024-11-28,West,Sports,Tennis Racket,5,166.1,0.1,747.45
ORD-1160,2023-03-11,West,Home & Kitchen,Coffee Maker,4,149.4,0.0,597.6
ORD-1161,2023-11-14,North,Home & Kitchen,Toaster,4,152.02,0.0,608.08
ORD-1162,2024-04-18,West,Electronics,Smartwatch,5,920.61,0.2,3682.44
ORD-1163,2024-09-11,East,Books,Self-Help,4,27.56,0.0,110.24
ORD-1164,2023-02-10,South,Home & Kitchen,Blender,2,221.06,0.05,420.01
ORD-1165,2024-02-01,East,Home & Kitchen,Air Fryer,4,239.11,0.15,812.97
ORD-1166,2023-04-07,East,Home & Kitchen,Blender,5,213.16,0.0,1065.8
ORD-1167,2023-03-25,East,Books,Self-Help,5,34.86,0.0,174.3
ORD-1168,2023-11-14,North,Sports,Dumbbells,5,103.52,0.2,414.08
ORD-1169,2024-06-04,West,Books,Fiction Novel,3,5.82,0.0,17.46
ORD-1170,2023-05-21,South,Sports,Dumbbells,2,33.13,0.2,53.01
ORD-1171,2024-11-08,North,Books,Cookbook,3,44.44,0.1,119.99
ORD-1172,2024-03-24,South,Clothing,Jeans,1,93.95,0.15,79.86
ORD-1173,2023-08-28,West,Books,Science,5,15.76,0.2,63.04
ORD-1174,2024-04-17,West,Clothing,Jacket,3,160.06,0.1,432.16
ORD-1175,2023-09-14,South,Clothing,Sneakers,1,135.41,0.2,108.33
ORD-1176,2023-03-27,East,Books,Fiction Novel,2,17.28,0.1,31.1
ORD-1177,2023-01-28,East,Clothing,Dress,4,29.59,0.1,106.52
ORD-1178,2023-01-29,South,Electronics,Headphones,3,1410.07,0.2,3384.17
ORD-1179,2023-10-21,North,Clothing,Jeans,4,145.29,0.0,581.16
ORD-1180,2023-01-20,North,Books,Fiction Novel,3,14.7,0.0,44.1
ORD-1181,2023-10-23,North,Books,History,2,18.55,0.0,37.1
ORD-1182,2023-04-24,North,Books,History,4,31.85,0.0,127.4
ORD-1183,2023-01-02,West,Clothing,Jacket,5,83.51,0.1,375.8
ORD-1184,2023-03-11,East,Electronics,Smartwatch,5,907.31,0.2,3629.24
ORD-1185,2024-10-12,North,Sports,Tennis Racket,4,245.54,0.0,982.16
ORD-1186,2024-11-03,South,Electronics,Headphones,1,1202.95,0.15,1022.51
ORD-1187,2024-10-20,East,Home & Kitchen,Toaster,2,254.2,0.15,432.14
ORD-1188,2024-04-13,North,Clothing,Jeans,1,72.82,0.0,72.82
ORD-1189,2024-07-10,West,Home & Kitchen,Air Fryer,4,98.39,0.2,314.85
ORD-1190,2023-05-08,East,Electronics,Headphones,3,768.04,0.05,2188.91
ORD-1191,2024-05-23,South,Sports,Cycling Helmet,4,101.33,0.2,324.26
ORD-1192,2024-09-08,West,Sports,Yoga Mat,2,143.19,0.0,286.38
ORD-1193,2024-09-09,West,Home & Kitchen,Air Fryer,4,74.99,0.05,284.96
ORD-1194,2023-10-09,West,Home & Kitchen,Toaster,1,50.26,0.15,42.72
ORD-1195,2024-09-14,South,Clothing,T-Shirt,4,26.26,0.0,105.04
ORD-1196,2024-09-11,North,Home & Kitchen,Vacuum,2,213.35,0.0,426.7
ORD-1197,2024-02-12,East,Books,Self-Help,3,34.23,,102.69
ORD-1198,2024-07-29,West,Clothing,Dress,1,67.12,0.0,67.12
ORD-1199,2023-07-24,West,Books,Science,1,11.11,0.0,11.11
ORD-1200,2024-11-14,East,Sports,Yoga Mat,3,181.74,0.1,490.7
ORD-1201,2024-06-04,East,Clothing,Jeans,2,41.85,0.0,83.7
ORD-1202,2024-07-21,East,Sports,Yoga Mat,5,101.69,0.2,406.76
ORD-1203,2024-02-12,East,Electronics,Laptop,4,883.4,0.2,2826.88
ORD-1204,2024-04-05,North,Clothing,Jacket,4,142.42,0.0,569.68
ORD-1205,2023-05-13,South,Books,Cookbook,4,27.63,0.2,88.42
ORD-1206,2023-06-15,South,Clothing,Jacket,3,188.25,0.0,564.75
ORD-1207,2023-07-21,East,Home & Kitchen,Blender,5,104.1,0.15,442.43
ORD-1208,2023-06-25,South,Books,Self-Help,5,37.43,0.1,168.44
ORD-1209,2023-02-16,North,Electronics,Laptop,5,544.05,0.0,2720.25
ORD-1210,2024-10-19,East,Electronics,Tablet,3,827.83,0.2,1986.79
ORD-1211,2023-06-11,North,Sports,Yoga Mat,4,112.67,0.05,428.15
ORD-1212,2024-02-13,East,Home & Kitchen,Air Fryer,2,235.38,0.1,423.68
ORD-1213,2024-04-05,East,Sports,Yoga Mat,2,48.11,0.0,96.22
ORD-1214,2023-06-13,South,Books,History,3,47.02,0.15,119.9
ORD-1215,2024-05-25,West,Sports,Running Shoes,3,131.88,0.0,395.64
ORD-1216,2023-02-19,East,Clothing,Jeans,1,70.64,0.1,63.58
ORD-1217,2023-04-21,North,Sports,Cycling Helmet,4,46.47,0.0,185.88
ORD-1218,2023-02-22,West,Home & Kitchen,Blender,5,181.69,0.0,908.45
ORD-1219,2024-09-30,East,Books,History,5,10.35,0.0,51.75
ORD-1220,2023-05-28,East,Home & Kitchen,Toaster,2,192.66,0.05,366.05
ORD-1221,2024-06-15,West,Clothing,Jacket,4,46.81,0.1,168.52
ORD-1222,2024-09-23,West,Home & Kitchen,Coffee Maker,3,190.31,0.1,513.84
ORD-1223,2023-01-18,West,Books,Science,3,19.91,0.0,59.73
ORD-1224,2023-09-29,West,Electronics,Smartwatch,5,950.92,0.15,4041.41
ORD-1225,2023-06-01,West,Books,Cookbook,2,6.42,,10.91
ORD-1226,2024-02-27,South,Home & Kitchen,Vacuum,2,140.8,0.2,225.28
ORD-1227,2024-07-28,South,Electronics,Smartphone,3,1497.56,0.05,4268.05
ORD-1228,2024-07-13,East,Clothing,Dress,3,141.66,0.2,339.98
ORD-1229,2023-07-16,West,Home & Kitchen,Toaster,2,105.33,0.0,210.66
ORD-1230,2024-12-07,South,Home & Kitchen,Air Fryer,4,115.6,0.0,462.4
ORD-1231,2024-08-10,North,Home & Kitchen,Air Fryer,5,132.52,0.05,629.47
ORD-1232,2023-10-22,North,Clothing,Jacket,1,82.35,0.05,78.23
ORD-1233,2024-07-29,East,Clothing,Jeans,3,44.71,0.1,120.72
ORD-1234,2024-10-15,South,Electronics,Smartwatch,2,268.24,0.05,509.66
ORD-1235,2024-02-21,South,Clothing,T-Shirt,4,105.94,0.0,423.76
ORD-1236,2024-10-29,North,Home & Kitchen,Blender,5,92.7,0.15,393.97
ORD-1237,2023-02-07,South,Clothing,Dress,4,161.83,0.0,647.32
ORD-1238,2023-11-02,North,Home & Kitchen,Blender,5,192.75,0.0,963.75
ORD-1239,2023-05-18,West,Books,Cookbook,5,26.06,0.0,130.3
ORD-1240,2023-01-15,South,Sports,Cycling Helmet,3,200.83,0.1,542.24
ORD-1241,2024-06-11,West,Books,History,3,8.9,0.15,22.7
ORD-1242,2023-01-07,South,Sports,Cycling Helmet,3,105.14,0.05,299.65
ORD-1243,2023-09-25,North,Home & Kitchen,Toaster,3,217.05,0.0,651.15
ORD-1244,2024-12-07,East,Clothing,Dress,1,134.97,0.0,134.97
ORD-1245,2024-04-10,South,Clothing,Dress,5,87.25,0.15,370.81
ORD-1246,2024-11-27,South,Books,Self-Help,5,44.29,0.0,221.45
ORD-1247,2023-03-05,North,Home & Kitchen,Blender,5,273.78,0.0,1368.9
ORD-1248,2023-04-30,West,Home & Kitchen,Toaster,2,223.57,0.05,424.78
ORD-1249,2024-06-09,South,Electronics,Tablet,4,793.84,0.0,3175.36
ORD-1250,2023-09-18,West,Home & Kitchen,Blender,1,231.37,0.1,208.23
ORD-1251,2023-03-12,North,Electronics,Smartwatch,4,241.26,0.05,916.79
ORD-1252,2024-04-04,West,Sports,Cycling Helmet,4,103.28,0.15,351.15
ORD-1253,2023-07-02,North,Clothing,Jacket,5,90.75,0.0,453.75
ORD-1254,2024-04-19,East,Electronics,Laptop,5,751.37,0.05,3569.01
ORD-1255,2023-07-13,East,Home & Kitchen,Coffee Maker,1,38.7,0.15,32.9
ORD-1256,2023-03-10,South,Electronics,Smartphone,1,972.13,0.05,923.52
ORD-1257,2024-02-16,North,Electronics,Smartphone,4,504.64,0.0,2018.56
ORD-1258,2023-08-28,East,Clothing,Sneakers,5,77.4,0.1,348.3
ORD-1259,2024-11-07,South,Clothing,Jacket,5,59.79,0.0,298.95
ORD-1260,2024-07-23,West,Books,Self-Help,4,7.11,0.0,28.44
ORD-1261,2024-02-23,West,Books,Science,2,18.49,0.0,36.98
ORD-1262,2024-04-19,South,Clothing,Jacket,1,121.23,0.05,115.17
ORD-1263,2023-12-05,South,Clothing,Jacket,1,186.0,0.2,148.8
ORD-1264,2024-01-22,East,Clothing,T-Shirt,5,128.53,0.2,514.12
ORD-1265,2024-05-05,South,Books,Cookbook,2,44.13,0.0,88.26
ORD-1266,2024-05-05,North,Clothing,Jeans,2,145.21,0.15,246.86
ORD-1267,2024-01-25,East,Books,Science,4,29.01,0.0,116.04
ORD-1268,2024-04-25,North,Sports,Tennis Racket,3,229.87,0.0,689.61
ORD-1269,2023-09-25,North,Clothing,Jeans,5,188.26,0.1,847.17
ORD-1270,2024-01-24,South,Clothing,Jacket,5,170.01,0.05,807.55
ORD-1271,2024-10-19,West,Home & Kitchen,Air Fryer,4,154.42,0.15,525.03
ORD-1272,2024-07-09,South,Books,History,1,28.58,0.2,22.86
ORD-1273,2023-05-21,,Electronics,Laptop,2,288.36,0.0,576.72
ORD-1274,2024-11-06,West,Home & Kitchen,Blender,4,34.25,,123.3
ORD-1275,2023-01-18,East,Books,Science,5,41.59,0.15,176.76
ORD-1276,2024-06-20,North,Clothing,T-Shirt,2,63.37,0.1,114.07
ORD-1277,2024-01-18,North,Home & Kitchen,Vacuum,4,153.93,0.0,615.72
ORD-1278,2024-02-20,North,Electronics,Laptop,4,690.32,,2623.22
ORD-1279,2024-03-20,West,Clothing,T-Shirt,3,121.85,0.2,292.44
ORD-1280,2024-12-09,South,Electronics,Smartphone,5,818.15,0.0,4090.75
ORD-1281,2023-07-03,North,Home & Kitchen,Toaster,3,34.23,0.0,102.69
ORD-1282,2023-06-16,East,Sports,Yoga Mat,5,71.51,0.2,286.04
ORD-1283,2023-05-24,West,Books,Science,1,27.54,0.0,27.54
ORD-1284,2023-12-01,West,Electronics,Headphones,1,1024.36,0.2,819.49
ORD-1285,2024-03-18,West,Home & Kitchen,Toaster,2,213.52,0.15,362.98
ORD-1286,2023-03-26,North,Home & Kitchen,Coffee Maker,3,71.64,0.15,182.68
ORD-1287,2023-04-20,East,Sports,Cycling Helmet,1,16.22,0.0,16.22
ORD-1288,2023-07-11,North,Electronics,Smartphone,4,783.5,0.1,2820.6
ORD-1289,2024-09-03,North,Electronics,Headphones,5,1219.77,0.2,4879.08
ORD-1290,2024-08-08,South,Sports,Yoga Mat,5,54.85,0.05,260.54
ORD-1291,2023-03-06,South,Home & Kitchen,Vacuum,2,147.36,0.05,279.98
ORD-1292,2024-10-02,South,Home & Kitchen,Air Fryer,4,190.33,0.0,761.32
ORD-1293,2024-09-27,East,Electronics,Tablet,4,1245.3,0.0,4981.2
ORD-1294,2023-11-25,East,Books,Self-Help,5,47.63,0.0,238.15
ORD-1295,2024-12-12,East,Sports,Cycling Helmet,4,242.42,0.2,775.74
ORD-1296,2024-07-31,North,Sports,Cycling Helmet,2,154.17,0.1,277.51
ORD-1297,2024-03-24,South,Electronics,Tablet,3,1280.67,0.0,3842.01
ORD-1298,2024-10-10,South,Sports,Tennis Racket,3,71.87,0.15,183.27
ORD-1299,2024-09-04,West,Sports,Yoga Mat,4,151.83,0.1,546.59
ORD-1300,2024-01-04,North,Sports,Running Shoes,5,154.55,0.0,772.75
ORD-1301,2024-07-30,North,Home & Kitchen,Coffee Maker,4,291.04,0.0,1164.16
ORD-1302,2023-08-16,East,Electronics,Laptop,5,1170.91,0.1,5269.1
ORD-1303,2024-04-19,West,Sports,Cycling Helmet,5,177.25,,886.25
ORD-1304,2023-03-29,West,Electronics,Headphones,1,1280.71,0.15,1088.6
ORD-1305,2023-12-23,West,Sports,Dumbbells,4,37.94,0.15,129.0
ORD-1306,2023-01-24,North,Home & Kitchen,Blender,3,204.95,0.15,522.62
ORD-1307,2024-07-19,South,Clothing,Sneakers,2,79.58,0.05,151.2
ORD-1308,2024-10-17,South,Sports,Dumbbells,4,107.96,0.15,367.06
ORD-1309,2023-01-05,West,Books,History,2,14.26,0.2,22.82
ORD-1310,2024-01-10,South,Books,Fiction Novel,3,13.87,0.0,41.61
ORD-1311,2024-09-17,West,Books,Science,4,31.42,0.0,125.68
ORD-1312,2024-11-19,North,Clothing,Jacket,2,76.37,0.0,152.74
ORD-1313,2024-03-04,West,Clothing,Sneakers,5,44.82,0.05,212.89
ORD-1314,2024-05-16,South,Books,Self-Help,3,11.31,0.0,33.93
ORD-1315,2023-05-20,West,Home & Kitchen,Blender,2,250.11,0.1,450.2
ORD-1316,2024-05-15,West,Sports,Tennis Racket,2,34.43,0.0,68.86
ORD-1317,2024-07-04,South,Electronics,Headphones,3,418.67,0.05,1193.21
ORD-1318,2024-08-09,North,Sports,Running Shoes,1,77.95,0.1,70.16
ORD-1319,2024-03-11,South,Electronics,Tablet,1,1156.79,0.15,983.27
ORD-1320,2023-12-23,East,Electronics,Tablet,1,770.79,0.0,770.79
ORD-1321,2023-06-19,West,Books,Science,5,11.27,0.0,56.35
ORD-1322,2024-09-03,East,Books,Science,5,12.58,0.15,53.46
ORD-1323,2024-02-26,South,Books,Fiction Novel,1,49.66,0.2,39.73
ORD-1324,2024-12-29,South,Clothing,Jeans,3,169.13,0.2,405.91
ORD-1325,2024-10-04,East,Clothing,Sneakers,4,87.53,0.0,350.12
ORD-1326,2024-12-12,East,Electronics,Tablet,3,791.1,,2254.64
ORD-1327,2023-03-06,East,Electronics,Tablet,5,717.03,0.05,3405.89
ORD-1328,2024-07-14,East,Home & Kitchen,Air Fryer,5,65.26,0.2,261.04
ORD-1329,2024-10-03,North,Electronics,Laptop,4,221.17,0.2,707.74
ORD-1330,2024-10-27,South,Sports,Dumbbells,3,52.36,0.0,157.08
ORD-1331,2023-02-23,South,Electronics,Headphones,4,1013.29,0.15,3445.19
ORD-1332,2023-08-07,North,Electronics,Laptop,4,301.32,0.1,1084.75
ORD-1333,2023-05-04,East,Electronics,Laptop,4,1102.24,0.05,4188.51
ORD-1334,2024-01-12,East,Electronics,Laptop,3,378.27,0.2,907.85
ORD-1335,2024-09-16,North,Clothing,T-Shirt,2,99.22,0.15,168.67
ORD-1336,2023-08-11,West,Sports,Running Shoes,1,225.7,0.0,225.7
ORD-1337,2023-11-19,West,Sports,Cycling Helmet,2,73.23,0.15,124.49
ORD-1338,2024-12-08,East,Books,Cookbook,1,43.16,0.15,36.69
ORD-1339,2024-02-06,South,Books,Cookbook,3,34.08,0.2,81.79
ORD-1340,2023-09-04,North,Sports,Tennis Racket,4,164.95,0.0,659.8
ORD-1341,2024-02-01,South,Home & Kitchen,Air Fryer,5,143.63,0.1,646.34
ORD-1342,2023-01-15,North,Electronics,Laptop,3,480.47,0.0,1441.41
ORD-1343,2024-03-09,West,Home & Kitchen,Toaster,4,52.26,0.1,188.14
ORD-1344,2024-06-07,North,Electronics,Headphones,2,1466.61,0.0,2933.22
ORD-1345,2023-09-02,West,Electronics,Headphones,1,517.82,0.05,491.93
ORD-1346,2023-05-03,,Electronics,Headphones,1,1120.27,0.15,952.23
ORD-1347,2023-06-20,East,Home & Kitchen,Toaster,3,64.27,0.2,154.25
ORD-1348,2024-03-15,East,Electronics,Laptop,3,881.01,0.0,2643.03
ORD-1349,2024-06-07,West,Electronics,Tablet,3,272.07,0.2,652.97
ORD-1350,2023-08-22,North,Home & Kitchen,Blender,5,30.69,0.2,122.76
ORD-1351,2023-06-03,West,Sports,Cycling Helmet,2,233.82,0.2,374.11
ORD-1352,2023-09-12,East,Sports,Dumbbells,4,230.23,0.0,920.92
ORD-1353,2023-07-03,North,Home & Kitchen,Blender,2,247.17,0.0,494.34
ORD-1354,2023-12-02,East,Sports,Cycling Helmet,1,144.98,0.0,144.98
ORD-1355,2024-04-20,South,Home & Kitchen,Toaster,3,189.76,0.05,540.82
ORD-1356,2023-01-07,South,Books,Self-Help,4,6.08,0.1,21.89
ORD-1357,2024-11-04,North,Electronics,Headphones,4,1303.71,0.15,4432.61
ORD-1358,2023-03-03,West,Clothing,Dress,2,148.1,0.0,296.2
ORD-1359,2024-04-14,East,Books,History,1,31.13,0.1,28.02
ORD-1360,2024-03-21,North,Electronics,Smartwatch,2,507.8,0.0,1015.6
ORD-1361,2024-04-08,East,Sports,Cycling Helmet,3,69.9,0.0,209.7
ORD-1362,2023-06-18,North,Electronics,Smartphone,4,805.87,0.05,3062.31
ORD-1363,2024-04-19,East,Clothing,Dress,3,173.45,0.0,520.35
ORD-1364,2023-12-02,South,Books,Fiction Novel,2,9.1,0.0,18.2
ORD-1365,2023-06-28,East,Electronics,Headphones,1,1437.73,0.2,1150.18
ORD-1366,2023-04-15,West,Clothing,T-Shirt,2,41.86,0.0,83.72
ORD-1367,2024-01-17,West,Clothing,Jeans,1,124.82,0.0,124.82
ORD-1368,2023-05-12,West,Electronics,Smartphone,1,1376.6,0.2,1101.28
ORD-1369,2024-08-10,South,Sports,Yoga Mat,4,208.1,0.05,790.78
ORD-1370,2023-08-08,East,Sports,Dumbbells,2,79.62,0.05,151.28
ORD-1371,2024-10-24,South,Books,Cookbook,3,27.45,0.1,74.11
ORD-1372,2023-07-24,West,Sports,Dumbbells,5,73.55,,294.2
ORD-1373,2024-07-11,West,Sports,Cycling Helmet,4,95.85,0.1,345.06
ORD-1374,2024-09-03,East,Clothing,T-Shirt,2,25.27,0.2,40.43
ORD-1375,2024-08-21,East,Sports,Running Shoes,2,243.89,0.0,487.78
ORD-1376,2024-08-12,South,Books,Fiction Novel,4,20.97,0.2,67.1
ORD-1377,2024-12-15,East,Clothing,Sneakers,3,184.52,0.0,553.56
ORD-1378,2024-07-30,South,Books,Cookbook,2,42.65,0.2,68.24
ORD-1379,2023-02-08,West,Home & Kitchen,Coffee Maker,1,45.17,0.1,40.65
ORD-1380,2023-05-14,South,Electronics,Headphones,3,1132.02,0.2,2716.85
ORD-1381,2023-04-24,South,Electronics,Smartphone,5,1318.87,0.0,6594.35
ORD-1382,2023-12-11,North,Sports,Running Shoes,3,90.81,0.0,272.43
ORD-1383,2024-12-25,South,Sports,Cycling Helmet,5,177.99,0.1,800.96
ORD-1384,2023-11-11,,Books,Self-Help,3,10.73,0.15,27.36
ORD-1385,2023-07-06,North,Books,History,5,19.32,0.2,77.28
ORD-1386,2023-05-25,West,Books,Fiction Novel,3,38.54,0.0,115.62
ORD-1387,2023-01-12,West,Electronics,Headphones,3,472.59,0.15,1205.1
ORD-1388,2024-01-31,North,Electronics,Laptop,4,1152.36,0.0,4609.44
ORD-1389,2023-04-14,West,Sports,Cycling Helmet,4,200.35,0.1,721.26
ORD-1390,2023-02-04,North,Clothing,Dress,3,23.61,0.0,70.83
ORD-1391,2023-03-18,South,Clothing,Dress,5,189.53,0.0,947.65
ORD-1392,2024-10-31,West,Sports,Yoga Mat,2,157.72,0.05,299.67
ORD-1393,2024-12-14,West,Clothing,Jeans,5,149.97,0.15,637.37
ORD-1394,2023-02-20,North,Home & Kitchen,Coffee Maker,4,184.38,0.2,590.02
ORD-1395,2023-10-29,,Electronics,Tablet,5,824.43,0.0,4122.15
ORD-1396,2023-04-29,West,Home & Kitchen,Blender,3,241.92,0.05,689.47
ORD-1397,2023-07-09,West,Electronics,Smartwatch,3,1351.14,0.0,4053.42
ORD-1398,2023-08-20,East,Sports,Tennis Racket,3,147.6,0.0,442.8
ORD-1399,2024-08-26,West,Electronics,Headphones,2,919.68,0.2,1471.49
ORD-1400,2024-05-02,South,Books,History,3,8.55,0.2,20.52
ORD-1401,2023-05-04,South,Books,Cookbook,4,12.78,0.0,51.12
ORD-1402,2023-03-22,West,Clothing,T-Shirt,4,56.35,0.2,180.32
ORD-1403,2023-03-31,North,Home & Kitchen,Air Fryer,4,180.22,0.1,648.79
ORD-1404,2023-04-26,West,Sports,Yoga Mat,4,50.17,0.1,180.61
ORD-1405,2023-10-20,North,Electronics,Laptop,5,1344.18,0.05,6384.86
ORD-1406,2023-02-08,West,Books,Cookbook,2,17.39,0.0,34.78
ORD-1407,2023-12-06,West,Sports,Yoga Mat,2,26.58,0.05,50.5
ORD-1408,2023-11-15,East,Electronics,Headphones,3,1295.7,0.2,3109.68
ORD-1409,2024-03-29,East,Clothing,Jeans,3,68.5,0.05,195.22
ORD-1410,2024-05-11,West,Sports,Dumbbells,5,218.79,0.2,875.16
ORD-1411,2023-05-19,West,Electronics,Headphones,5,1343.13,0.0,6715.65
ORD-1412,2023-02-03,South,Clothing,T-Shirt,4,29.1,0.0,116.4
ORD-1413,2024-10-12,West,Sports,Running Shoes,1,175.08,0.0,175.08
ORD-1414,2023-12-19,East,Clothing,Dress,2,170.78,0.0,341.56
ORD-1415,2023-02-20,West,Home & Kitchen,Blender,2,260.53,0.2,416.85
ORD-1416,2024-10-29,East,Clothing,Jeans,4,112.39,0.2,359.65
ORD-1417,2024-10-24,South,Electronics,Tablet,2,981.48,0.0,1962.96
ORD-1418,2024-01-21,West,Home & Kitchen,Air Fryer,3,153.93,0.0,461.79
ORD-1419,2023-01-08,North,Books,History,5,49.97,0.2,199.88
ORD-1420,2023-11-02,East,Books,Cookbook,1,26.68,0.0,26.68
ORD-1421,2023-07-12,East,Home & Kitchen,Air Fryer,2,169.67,0.0,339.34
ORD-1422,2024-11-28,East,Books,History,2,37.46,0.15,63.68
ORD-1423,2023-02-06,West,Sports,Tennis Racket,5,181.4,0.1,816.3
ORD-1424,2024-11-18,West,Clothing,Sneakers,3,111.32,0.2,267.17
ORD-1425,2023-04-10,East,Books,Self-Help,4,10.76,0.0,43.04
ORD-1426,2023-08-16,North,Clothing,Jacket,3,60.2,0.2,144.48
ORD-1427,2024-08-22,East,Home & Kitchen,Air Fryer,3,155.22,0.0,465.66
ORD-1428,2024-04-28,North,Books,Cookbook,2,27.52,0.2,44.03
ORD-1429,2023-05-21,South,Sports,Yoga Mat,2,95.53,0.1,171.95
ORD-1430,2023-03-24,South,Clothing,Jacket,4,79.87,0.0,319.48
ORD-1431,2023-06-22,South,Sports,Cycling Helmet,5,194.65,0.05,924.59
ORD-1432,2024-10-10,West,Clothing,Sneakers,4,92.61,0.05,351.92
ORD-1433,2023-11-26,,Clothing,Jacket,5,54.3,0.15,230.78
ORD-1434,2023-05-13,East,Clothing,Jacket,1,89.04,0.1,80.14
ORD-1435,2024-04-11,East,Electronics,Headphones,5,975.28,0.0,4876.4
ORD-1436,2024-01-03,West,Clothing,Jacket,2,49.68,0.2,79.49
ORD-1437,2024-08-26,North,Clothing,Jeans,5,50.42,0.0,252.1
ORD-1438,2024-08-31,North,Sports,Cycling Helmet,1,170.56,0.15,144.98
ORD-1439,2024-01-25,West,Electronics,Tablet,1,911.47,0.05,865.9
ORD-1440,2024-11-08,West,Electronics,Headphones,1,1061.23,0.0,1061.23
ORD-1441,2023-10-17,North,Sports,Yoga Mat,1,199.42,0.05,189.45
ORD-1442,2024-01-02,South,Home & Kitchen,Toaster,4,109.74,0.0,438.96
ORD-1443,2023-01-03,South,Sports,Cycling Helmet,1,172.83,0.0,172.83
ORD-1444,2023-04-14,North,Clothing,T-Shirt,3,135.98,0.05,387.54
ORD-1445,2023-06-28,North,Sports,Yoga Mat,1,215.28,0.0,215.28
ORD-1446,2023-01-10,North,Electronics,Laptop,2,1062.36,0.0,2124.72
ORD-1447,2024-01-17,North,Books,Science,3,13.23,0.05,37.71
ORD-1448,2024-10-26,West,Sports,Tennis Racket,2,41.57,0.15,70.67
ORD-1449,2024-08-27,West,Clothing,T-Shirt,4,164.41,0.15,558.99
ORD-1450,2024-12-01,North,Home & Kitchen,Toaster,2,160.43,0.05,304.82
ORD-1451,2024-11-01,East,Electronics,Laptop,3,216.07,0.2,518.57
ORD-1452,2024-11-16,South,Books,Cookbook,3,28.36,0.15,72.32
ORD-1453,2024-11-10,East,Clothing,Dress,4,46.76,0.2,149.63
ORD-1454,2024-06-01,South,Electronics,Laptop,4,1307.43,0.2,4183.78
ORD-1455,2023-10-12,East,Home & Kitchen,Coffee Maker,1,166.87,0.1,150.18
ORD-1456,2024-03-30,West,Clothing,T-Shirt,5,100.66,0.2,402.64
ORD-1457,2024-02-18,,Sports,Yoga Mat,4,23.42,0.1,84.31
ORD-1458,2024-06-04,East,Books,Cookbook,5,14.31,0.15,60.82
ORD-1459,2023-12-06,West,Electronics,Smartphone,5,1197.64,0.1,5389.38
ORD-1460,2024-11-05,North,Sports,Yoga Mat,2,15.52,0.0,31.04
ORD-1461,2024-12-19,East,Home & Kitchen,Toaster,1,42.36,0.0,42.36
ORD-1462,2024-09-17,East,Sports,Yoga Mat,2,59.07,0.2,94.51
ORD-1463,2024-02-29,North,Clothing,Jacket,1,186.79,0.2,149.43
ORD-1464,2024-05-25,South,Sports,Tennis Racket,1,139.64,0.0,139.64
ORD-1465,2024-12-09,South,Books,History,5,12.81,0.2,51.24
ORD-1466,2024-05-31,East,Books,Cookbook,4,23.84,0.1,85.82
ORD-1467,2023-10-29,East,Home & Kitchen,Vacuum,4,247.3,0.0,989.2
ORD-1468,2024-12-29,East,Books,Science,5,33.47,0.0,167.35
ORD-1469,2024-05-30,South,Home & Kitchen,Coffee Maker,5,217.46,0.0,1087.3
ORD-1470,2024-11-21,West,Books,History,5,17.87,,71.48
ORD-1471,2023-05-29,West,Electronics,Laptop,1,1071.33,0.0,1071.33
ORD-1472,2023-03-05,South,Home & Kitchen,Air Fryer,3,85.08,0.1,229.72
ORD-1473,2024-10-24,South,Electronics,Smartwatch,5,705.55,0.1,3174.97
ORD-1474,2024-02-01,West,Home & Kitchen,Blender,4,288.31,0.15,980.25
ORD-1475,2024-09-27,South,Electronics,Headphones,4,1278.98,0.15,4348.53
ORD-1476,2023-07-18,South,Books,Cookbook,3,25.2,0.15,64.26
ORD-1477,2023-02-11,West,Books,Fiction Novel,4,17.56,0.0,70.24
ORD-1478,2024-04-22,East,Home & Kitchen,Blender,2,40.78,0.0,81.56
ORD-1479,2024-08-09,West,Books,Science,5,21.11,0.2,84.44
ORD-1480,2024-06-01,North,Clothing,Sneakers,2,94.87,0.1,170.77
ORD-1481,2024-01-05,East,Clothing,Jacket,3,59.32,0.2,142.37
ORD-1482,2024-11-15,North,Books,Fiction Novel,3,25.06,0.15,63.9
ORD-1483,2023-04-27,West,Electronics,Headphones,4,533.57,0.15,1814.14
ORD-1484,2024-05-13,West,Home & Kitchen,Toaster,1,110.04,0.15,93.53
ORD-1485,2024-10-03,North,Electronics,Smartphone,1,474.02,0.15,402.92
ORD-1486,2024-07-04,South,Sports,Yoga Mat,4,166.94,0.0,667.76
ORD-1487,2023-03-31,North,Sports,Cycling Helmet,1,27.75,0.2,22.2
ORD-1488,2024-02-02,West,Clothing,Jacket,4,133.44,0.05,507.07
ORD-1489,2024-10-18,North,Electronics,Smartwatch,5,282.21,0.15,1199.39
ORD-1490,2023-10-24,North,Electronics,Headphones,3,988.54,0.0,2965.62
ORD-1491,2023-06-10,West,Sports,Yoga Mat,5,66.67,0.15,283.35
ORD-1492,2023-11-02,South,Books,Science,3,48.08,0.0,144.24
ORD-1493,2024-08-09,North,Electronics,Laptop,5,712.31,0.1,3205.39
ORD-1494,2024-10-23,West,Home & Kitchen,Coffee Maker,5,68.46,0.0,342.3
ORD-1495,2024-11-18,South,Clothing,T-Shirt,5,173.41,0.2,693.64
ORD-1496,2023-10-25,North,Books,History,1,16.28,0.0,16.28
ORD-1497,2024-11-18,South,Home & Kitchen,Air Fryer,2,57.01,0.1,102.62
ORD-1498,2024-09-23,East,Sports,Tennis Racket,3,177.96,0.0,533.88
ORD-1499,2023-01-05,South,Home & Kitchen,Vacuum,3,96.47,0.0,289.41
ORD-1500,2024-11-26,South,Home & Kitchen,Air Fryer,3,267.03,0.05,761.04
ORD-1501,2023-06-29,North,Sports,Running Shoes,5,34.26,0.0,171.3
ORD-1502,2024-10-03,East,Books,Self-Help,1,37.73,0.0,37.73
ORD-1503,2024-08-27,West,Books,Cookbook,2,45.78,0.1,82.4
ORD-1504,2024-01-10,South,Books,History,4,15.05,0.2,48.16
ORD-1505,2024-02-11,North,Clothing,Dress,3,110.39,0.15,281.49
ORD-1506,2024-04-01,South,Books,Self-Help,2,13.06,0.1,23.51
ORD-1507,2023-08-13,North,Sports,Cycling Helmet,4,69.46,0.0,277.84
ORD-1508,2024-02-02,East,Clothing,Sneakers,4,185.22,0.0,740.88
ORD-1509,2023-09-27,East,Electronics,Smartwatch,5,907.66,0.0,4538.3
ORD-1510,2024-01-21,East,Books,Fiction Novel,2,28.24,0.0,56.48
ORD-1511,2024-05-28,North,Sports,Running Shoes,2,118.38,0.0,236.76
ORD-1512,2023-06-11,South,Clothing,Jeans,3,128.36,0.2,308.06
ORD-1513,2024-11-22,West,Home & Kitchen,Blender,4,159.34,0.1,573.62
ORD-1514,2023-05-11,North,Electronics,Smartphone,5,970.05,0.0,4850.25
ORD-1515,2023-06-20,North,Books,Self-Help,3,46.51,0.1,125.58
ORD-1516,2023-03-29,East,Books,Fiction Novel,2,25.21,0.05,47.9
ORD-1517,2024-08-19,South,Sports,Running Shoes,2,161.45,0.1,290.61
ORD-1518,2023-08-24,,Home & Kitchen,Vacuum,4,134.07,0.0,536.28
ORD-1519,2024-09-12,South,Books,History,1,12.98,0.1,11.68
ORD-1520,2023-04-06,North,Books,Cookbook,4,34.67,,124.81
ORD-1521,2024-01-15,West,Sports,Running Shoes,1,178.95,0.05,170.0
ORD-1522,2024-03-11,North,Sports,Cycling Helmet,2,74.81,0.2,119.7
ORD-1523,2023-09-21,West,Home & Kitchen,Toaster,2,31.48,0.15,53.52
ORD-1524,2024-01-20,North,Electronics,Smartwatch,2,1094.1,0.0,2188.2
ORD-1525,2023-09-25,East,Sports,Running Shoes,5,114.54,0.0,572.7
ORD-1526,2024-07-19,West,Sports,Dumbbells,5,128.38,0.0,641.9
ORD-1527,2024-12-23,East,Home & Kitchen,Toaster,4,228.66,0.2,731.71
ORD-1528,2023-04-13,South,Clothing,Dress,2,111.5,0.2,178.4
ORD-1529,2024-10-13,West,Electronics,Smartphone,1,1245.68,0.2,996.54
ORD-1530,2023-09-27,North,Sports,Yoga Mat,2,102.15,0.1,183.87
ORD-1531,2024-12-29,East,Sports,Running Shoes,5,28.5,0.2,114.0
ORD-1532,2024-11-03,South,Sports,Yoga Mat,5,82.21,0.0,411.05
ORD-1533,2024-11-21,,Clothing,Sneakers,1,84.75,0.15,72.04
ORD-1534,2024-11-16,East,Home & Kitchen,Vacuum,4,139.47,0.0,557.88
ORD-1535,2024-07-26,East,Electronics,Laptop,5,652.52,0.2,2610.08
ORD-1536,2024-08-11,West,Clothing,Dress,1,67.0,0.05,63.65
ORD-1537,2023-04-30,East,Books,Science,5,48.05,0.1,216.22
ORD-1538,2023-09-07,West,Sports,Tennis Racket,3,240.89,0.05,686.54
ORD-1539,2023-09-22,North,Electronics,Tablet,1,697.48,0.2,557.98
ORD-1540,2023-12-28,West,Clothing,Jacket,5,116.42,0.15,494.79
ORD-1541,2023-03-19,East,Electronics,Tablet,5,1410.82,0.05,6701.39
ORD-1542,2024-11-30,South,Books,Science,2,27.45,0.0,54.9
ORD-1543,2023-07-27,South,Home & Kitchen,Coffee Maker,2,255.81,0.0,511.62
ORD-1544,2024-07-08,North,Electronics,Tablet,1,1302.41,0.0,1302.41
ORD-1545,2023-07-07,West,Books,Science,5,17.61,0.0,88.05
ORD-1546,2024-07-07,West,Books,History,1,27.61,0.05,26.23
ORD-1547,2023-11-20,West,Sports,Yoga Mat,1,17.78,0.0,17.78
ORD-1548,2023-07-11,East,Home & Kitchen,Toaster,5,100.97,0.0,504.85
ORD-1549,2024-03-10,West,Home & Kitchen,Coffee Maker,2,143.16,0.2,229.06
ORD-1550,2024-08-08,South,Home & Kitchen,Vacuum,2,294.4,0.15,500.48
ORD-1551,2024-01-26,West,Home & Kitchen,Coffee Maker,2,69.38,0.15,117.95
ORD-1552,2023-05-18,West,Clothing,Dress,5,116.12,0.0,580.6
ORD-1553,2024-02-12,North,Books,Cookbook,1,36.07,0.0,36.07
ORD-1554,2023-09-24,East,Electronics,Tablet,3,668.4,0.1,1804.68
ORD-1555,2023-12-26,North,Electronics,Tablet,5,458.65,0.1,2063.93
ORD-1556,2024-11-20,East,Home & Kitchen,Air Fryer,5,161.62,0.15,686.88
ORD-1557,2024-10-08,West,Books,Science,2,44.07,0.15,74.92
ORD-1558,2023-03-15,West,Books,Cookbook,1,12.29,0.0,12.29
ORD-1559,2023-10-05,West,Home & Kitchen,Toaster,4,240.86,0.0,963.44
ORD-1560,2023-07-08,South,Sports,Tennis Racket,1,44.38,0.0,44.38
ORD-1561,2024-02-11,South,Electronics,Smartphone,1,324.22,,308.01
ORD-1562,2023-04-17,North,Sports,Running Shoes,3,160.25,0.0,480.75
ORD-1563,2023-10-18,South,Home & Kitchen,Coffee Maker,4,199.15,0.0,796.6
ORD-1564,2024-05-02,East,Electronics,Headphones,4,1467.48,0.1,5282.93
ORD-1565,2024-08-28,South,Clothing,Sneakers,5,102.18,0.15,434.27
ORD-1566,2023-12-22,East,Books,Cookbook,4,29.29,0.2,93.73
ORD-1567,2023-11-07,South,Sports,Cycling Helmet,1,15.02,0.2,12.02
ORD-1568,2024-12-05,North,Home & Kitchen,Vacuum,4,285.68,0.05,1085.58
ORD-1569,2023-01-08,South,Home & Kitchen,Toaster,5,130.88,0.05,621.68
ORD-1570,2024-01-23,West,Clothing,Jeans,2,67.34,0.05,127.95
ORD-1571,2024-10-26,East,Books,Science,5,41.4,0.05,196.65
ORD-1572,2024-10-14,North,Clothing,Jacket,4,131.19,0.0,524.76
ORD-1573,2023-02-20,South,Home & Kitchen,Blender,5,35.98,0.0,179.9
ORD-1574,2023-04-03,South,Sports,Yoga Mat,2,18.46,0.0,36.92
ORD-1575,2024-12-14,West,Sports,Cycling Helmet,1,92.61,0.2,74.09
ORD-1576,2024-07-10,North,Home & Kitchen,Vacuum,4,79.03,0.2,252.9
ORD-1577,2024-01-30,South,Electronics,Laptop,4,521.31,0.0,2085.24
ORD-1578,2024-04-29,South,Electronics,Smartwatch,4,1085.88,0.0,4343.52
ORD-1579,2023-09-17,North,Electronics,Smartwatch,4,1030.08,0.0,4120.32
ORD-1580,2024-10-10,South,Clothing,T-Shirt,4,78.41,0.0,313.64
ORD-1581,2023-02-13,North,Sports,Dumbbells,5,199.12,0.05,945.82
ORD-1582,2024-05-26,South,Electronics,Smartphone,1,1091.73,0.0,1091.73
ORD-1583,2024-10-22,East,Electronics,Laptop,2,1111.73,0.2,1778.77
ORD-1584,2024-03-25,East,Home & Kitchen,Toaster,2,35.77,0.05,67.96
ORD-1585,2024-07-26,West,Electronics,Tablet,3,905.55,0.05,2580.82
ORD-1586,2023-10-09,West,Home & Kitchen,Air Fryer,5,276.91,0.1,1246.1
ORD-1587,2024-07-08,East,Sports,Cycling Helmet,3,121.71,0.2,292.1
ORD-1588,2024-09-27,East,Clothing,T-Shirt,2,77.72,0.0,155.44
ORD-1589,2024-07-18,West,Sports,Dumbbells,2,159.06,0.0,318.12
ORD-1590,2023-02-14,North,Electronics,Smartwatch,2,432.23,0.0,864.46
ORD-1591,2024-11-04,West,Electronics,Laptop,4,883.57,0.15,3004.14
ORD-1592,2023-01-14,North,Clothing,Sneakers,2,138.03,0.2,220.85
ORD-1593,2024-01-13,West,Electronics,Headphones,1,1270.74,0.0,1270.74
ORD-1594,2024-06-15,South,Home & Kitchen,Blender,1,57.33,0.0,57.33
ORD-1595,2024-07-25,South,Books,Self-Help,5,23.68,0.0,118.4
ORD-1596,2023-06-20,North,Sports,Tennis Racket,2,144.24,0.1,259.63
ORD-1597,2023-11-19,East,Books,History,5,49.62,0.0,248.1
ORD-1598,2024-07-30,South,Sports,Cycling Helmet,5,65.27,0.2,261.08
ORD-1599,2024-02-11,West,Home & Kitchen,Vacuum,1,226.1,0.0,226.1
ORD-1600,2023-08-16,East,Home & Kitchen,Blender,2,261.04,0.0,522.08
ORD-1601,2023-04-07,South,Home & Kitchen,Toaster,1,154.3,0.0,154.3
ORD-1602,2023-09-20,South,Books,Self-Help,3,9.14,0.05,26.05
ORD-1603,2023-06-27,West,Electronics,Headphones,4,1273.42,0.15,4329.63
ORD-1604,2023-02-08,East,Electronics,Smartwatch,5,696.01,0.2,2784.04
ORD-1605,2023-05-04,West,Home & Kitchen,Vacuum,2,231.87,,370.99
ORD-1606,2024-06-20,East,Sports,Yoga Mat,1,90.04,0.1,81.04
ORD-1607,2024-11-20,North,Clothing,Jeans,4,194.79,0.2,623.33
ORD-1608,2024-02-08,East,Clothing,Dress,2,43.79,0.0,87.58
ORD-1609,2023-03-29,East,Books,History,4,27.58,0.2,88.26
ORD-1610,2024-05-14,South,Sports,Running Shoes,4,168.28,0.0,673.12
ORD-1611,2023-03-15,South,Books,Self-Help,3,39.95,0.0,119.85
ORD-1612,2024-01-10,West,Electronics,Tablet,3,447.64,,1342.92
ORD-1613,2024-09-23,East,Home & Kitchen,Coffee Maker,4,198.26,0.05,753.39
ORD-1614,2023-03-29,South,Clothing,Jacket,1,153.12,0.0,153.12
ORD-1615,2024-12-11,,Home & Kitchen,Blender,1,112.38,0.05,106.76
ORD-1616,2024-07-13,South,Books,Self-Help,5,38.77,0.1,174.47
ORD-1617,2024-08-19,West,Clothing,T-Shirt,5,27.83,0.0,139.15
ORD-1618,2024-04-21,North,Books,Science,1,8.0,0.15,6.8
ORD-1619,2023-10-27,North,Home & Kitchen,Blender,4,92.42,0.05,351.2
ORD-1620,2023-07-10,North,Home & Kitchen,Vacuum,2,165.18,0.05,313.84
ORD-1621,2023-12-08,,Electronics,Smartphone,4,711.42,0.0,2845.68
ORD-1622,2024-05-28,South,Home & Kitchen,Air Fryer,3,249.21,0.15,635.49
ORD-1623,2023-08-19,East,Electronics,Smartwatch,2,644.32,0.05,1224.21
ORD-1624,2024-03-03,South,Sports,Running Shoes,2,149.63,0.05,284.3
ORD-1625,2023-07-31,South,Home & Kitchen,Vacuum,2,186.88,0.15,317.7
ORD-1626,2024-03-16,South,Home & Kitchen,Toaster,2,207.18,0.1,372.92
ORD-1627,2023-07-08,North,Books,Cookbook,3,42.78,0.0,128.34
ORD-1628,2024-03-29,East,Sports,Tennis Racket,3,50.71,0.0,152.13
ORD-1629,2024-09-12,East,Books,Cookbook,5,32.56,0.1,146.52
ORD-1630,2023-05-18,West,Home & Kitchen,Blender,5,258.46,0.05,1227.68
ORD-1631,2023-05-21,West,Sports,Tennis Racket,2,60.42,0.0,120.84
ORD-1632,2024-11-18,South,Home & Kitchen,Vacuum,2,234.6,0.0,469.2
ORD-1633,2024-12-05,West,Sports,Running Shoes,3,218.69,0.0,656.07
ORD-1634,2024-02-08,East,Books,History,5,47.26,0.1,212.67
ORD-1635,2024-04-07,North,Electronics,Smartwatch,4,1275.11,0.0,5100.44
ORD-1636,2024-07-25,North,Books,History,4,28.23,0.15,95.98
ORD-1637,2023-10-20,East,Sports,Tennis Racket,4,54.12,0.0,216.48
ORD-1638,2024-10-23,West,Books,Self-Help,4,9.07,0.1,32.65
ORD-1639,2024-02-28,West,Books,Self-Help,3,25.29,0.0,75.87
ORD-1640,2023-09-14,North,Clothing,Dress,3,144.51,0.15,368.5
ORD-1641,2024-12-24,North,Electronics,Laptop,4,1024.29,0.0,4097.16
ORD-1642,2024-01-23,South,Books,Cookbook,5,22.13,0.2,88.52
ORD-1643,2023-07-03,South,Clothing,Jeans,1,95.52,0.0,95.52
ORD-1644,2023-05-15,North,Home & Kitchen,Coffee Maker,2,30.95,0.2,49.52
ORD-1645,2024-09-14,North,Sports,Running Shoes,4,70.9,0.1,255.24
ORD-1646,2023-09-08,North,Sports,Yoga Mat,5,80.36,0.15,341.53
ORD-1647,2023-02-26,South,Electronics,Smartphone,3,247.74,0.2,594.58
ORD-1648,2023-03-31,East,Books,Science,1,9.9,0.0,9.9
ORD-1649,2024-04-11,South,Books,Cookbook,5,21.21,0.0,106.05
ORD-1650,2024-03-13,North,Home & Kitchen,Vacuum,5,47.53,0.05,225.77
ORD-1651,2024-06-21,West,Home & Kitchen,Air Fryer,2,217.87,0.1,392.17
ORD-1652,2024-12-06,West,Books,Fiction Novel,5,47.03,0.15,199.88
ORD-1653,2023-05-13,East,Home & Kitchen,Air Fryer,5,181.91,0.1,818.6
ORD-1654,2024-12-26,South,Clothing,Sneakers,3,196.27,0.0,588.81
ORD-1655,2024-02-28,West,Electronics,Smartphone,1,633.93,0.1,570.54
ORD-1656,2023-03-11,East,Clothing,Jacket,3,74.05,,199.93
ORD-1657,2024-08-05,West,Home & Kitchen,Air Fryer,5,289.23,0.2,1156.92
ORD-1658,2023-02-06,West,Home & Kitchen,Vacuum,2,160.0,0.15,272.0
ORD-1659,2023-02-27,West,Home & Kitchen,Vacuum,5,110.82,0.15,470.98
ORD-1660,2023-12-29,East,Electronics,Smartphone,1,1460.5,0.0,1460.5
ORD-1661,2024-08-07,South,Sports,Running Shoes,5,106.55,0.1,479.48
ORD-1662,2023-10-06,North,Home & Kitchen,Air Fryer,4,53.44,0.0,213.76
ORD-1663,2023-06-29,East,Home & Kitchen,Coffee Maker,1,131.04,0.0,131.04
ORD-1664,2024-05-09,North,Sports,Running Shoes,5,51.21,0.0,256.05
ORD-1665,2023-05-27,East,Books,Science,1,42.0,0.1,37.8
ORD-1666,2024-12-31,West,Electronics,Tablet,5,350.59,0.0,1752.95
ORD-1667,2024-04-23,East,Books,Fiction Novel,1,9.64,0.2,7.71
ORD-1668,2023-11-25,South,Books,Science,2,13.66,0.0,27.32
ORD-1669,2023-06-11,South,Electronics,Headphones,3,348.8,0.1,941.76
ORD-1670,2023-10-05,East,Books,Science,2,47.45,0.2,75.92
ORD-1671,2024-07-07,East,Electronics,Headphones,4,265.94,0.0,1063.76
ORD-1672,2023-03-30,North,Electronics,Tablet,4,709.49,0.15,2412.27
ORD-1673,2023-11-16,East,Sports,Running Shoes,3,207.1,0.15,528.1
ORD-1674,2023-04-06,South,Electronics,Tablet,4,326.44,0.0,1305.76
ORD-1675,2023-08-18,South,Sports,Tennis Racket,2,217.36,0.1,391.25
ORD-1676,2024-04-09,East,Clothing,Jacket,4,25.45,0.05,96.71
ORD-1677,2024-09-10,East,Clothing,Jacket,5,42.93,0.0,214.65
ORD-1678,2023-11-06,North,Electronics,Headphones,5,799.27,0.1,3596.72
ORD-1679,2024-01-29,West,Books,Self-Help,1,20.33,0.2,16.26
ORD-1680,2024-07-11,East,Sports,Running Shoes,2,55.68,0.15,94.66
ORD-1681,2024-08-29,North,Books,History,5,25.83,0.1,116.23
ORD-1682,2024-09-04,North,Home & Kitchen,Vacuum,1,215.09,0.1,193.58
ORD-1683,2023-08-11,North,Sports,Yoga Mat,2,223.51,,357.62
ORD-1684,2024-06-28,West,Clothing,Jeans,3,90.2,0.1,243.54
ORD-1685,2024-03-21,,Home & Kitchen,Air Fryer,3,297.38,0.1,802.93
ORD-1686,2023-03-05,,Sports,Dumbbells,3,226.75,0.0,680.25
ORD-1687,2023-02-01,East,Home & Kitchen,Blender,2,146.56,0.1,263.81
ORD-1688,2024-03-21,West,Sports,Tennis Racket,5,64.64,0.0,323.2
ORD-1689,2023-06-07,West,Sports,Cycling Helmet,3,249.4,,635.97
ORD-1690,2024-11-04,West,Electronics,Smartphone,4,1467.47,0.0,5869.88
ORD-1691,2024-09-30,West,Sports,Tennis Racket,2,121.78,0.05,231.38
ORD-1692,2024-03-10,South,Home & Kitchen,Coffee Maker,5,32.01,0.05,152.05
ORD-1693,2024-07-13,West,Books,Science,5,21.51,0.0,107.55
ORD-1694,2024-12-08,West,Electronics,Smartwatch,1,384.71,0.15,327.0
ORD-1695,2024-06-19,North,Home & Kitchen,Vacuum,5,53.88,0.05,255.93
ORD-1696,2024-09-19,East,Electronics,Smartwatch,1,1374.66,0.1,1237.19
ORD-1697,2024-03-07,East,Books,History,3,48.23,0.2,115.75
ORD-1698,2023-03-04,East,Books,Science,4,31.02,0.1,111.67
ORD-1699,2024-05-11,East,Books,Fiction Novel,1,10.71,0.0,10.71
ORD-1700,2023-10-09,East,Clothing,Sneakers,3,22.56,0.0,67.68
ORD-1701,2023-06-29,East,Clothing,Dress,3,160.85,0.0,482.55
ORD-1702,2023-05-29,North,Electronics,Headphones,5,1414.12,0.0,7070.6
ORD-1703,2024-11-07,South,Sports,Tennis Racket,4,185.61,0.0,742.44
ORD-1704,2023-04-29,East,Home & Kitchen,Blender,1,75.25,0.05,71.49
ORD-1705,2024-11-30,West,Books,Self-Help,4,26.36,0.0,105.44
ORD-1706,2024-11-25,West,Home & Kitchen,Vacuum,3,289.68,0.15,738.68
ORD-1707,2024-09-17,West,Books,Science,3,20.07,0.0,60.21
ORD-1708,2024-11-22,West,Books,History,2,38.04,0.1,68.47
ORD-1709,2024-11-19,North,Clothing,Jacket,1,169.7,0.0,169.7
ORD-1710,2023-10-18,South,Sports,Cycling Helmet,3,60.37,0.0,181.11
ORD-1711,2024-12-26,North,Books,Self-Help,1,8.89,0.1,8.0
ORD-1712,2024-12-13,North,Books,Self-Help,2,16.4,0.05,31.16
ORD-1713,2024-12-09,West,Sports,Cycling Helmet,3,75.47,0.2,181.13
ORD-1714,2023-03-03,East,Sports,Tennis Racket,3,239.57,0.0,718.71
ORD-1715,2023-07-02,West,Clothing,Sneakers,4,39.52,0.1,142.27
ORD-1716,2023-04-16,East,Electronics,Tablet,1,294.8,0.1,265.32
ORD-1717,2024-10-30,South,Electronics,Tablet,1,1412.76,0.15,1200.85
ORD-1718,2024-06-11,North,Home & Kitchen,Vacuum,4,159.1,0.05,604.58
ORD-1719,2023-01-04,South,Electronics,Smartwatch,4,1440.4,0.2,4609.28
ORD-1720,2024-11-29,East,Books,Science,3,23.03,0.15,58.73
ORD-1721,2023-03-24,East,Home & Kitchen,Toaster,4,235.32,0.0,941.28
ORD-1722,2023-11-03,South,Electronics,Tablet,4,1365.4,0.15,4642.36
ORD-1723,2023-02-06,South,Sports,Dumbbells,2,20.96,0.1,37.73
ORD-1724,2024-06-30,West,Books,Science,4,48.5,0.0,194.0
ORD-1725,2023-08-05,North,Electronics,Tablet,5,795.88,0.15,3382.49
ORD-1726,2023-02-07,North,Books,Self-Help,2,27.0,0.0,54.0
ORD-1727,2023-01-15,South,Electronics,Smartphone,2,1022.46,0.0,2044.92
ORD-1728,2023-04-19,North,Books,Self-Help,1,27.37,0.2,21.9
ORD-1729,2024-11-25,East,Clothing,Dress,4,78.36,0.15,266.42
ORD-1730,2023-12-10,South,Clothing,T-Shirt,1,41.73,0.0,41.73
ORD-1731,2024-03-25,South,Home & Kitchen,Toaster,2,279.93,0.0,559.86
ORD-1732,2023-01-17,South,Books,History,4,8.63,0.0,34.52
ORD-1733,2024-12-11,West,Books,Science,4,36.16,0.0,144.64
ORD-1734,2023-06-28,South,Sports,Tennis Racket,5,177.54,0.1,798.93
ORD-1735,2024-03-04,East,Electronics,Headphones,1,925.02,0.0,925.02
ORD-1736,2024-07-06,East,Electronics,Smartwatch,5,485.06,0.2,1940.24
ORD-1737,2023-06-02,North,Electronics,Smartphone,4,846.77,0.0,3387.08
ORD-1738,2024-03-21,South,Home & Kitchen,Air Fryer,3,120.26,0.2,288.62
ORD-1739,2023-06-11,South,Electronics,Laptop,1,830.58,0.0,830.58
ORD-1740,2024-03-05,East,Sports,Running Shoes,2,190.57,0.0,381.14
ORD-1741,2024-02-27,South,Clothing,T-Shirt,2,87.6,0.0,175.2
ORD-1742,2023-08-10,South,Electronics,Tablet,5,791.49,0.05,3759.58
ORD-1743,2023-07-27,East,Clothing,Jacket,3,42.9,0.15,109.39
ORD-1744,2024-03-04,West,Electronics,Tablet,2,1188.44,0.0,2376.88
ORD-1745,2023-03-30,South,Books,Self-Help,4,43.56,0.05,165.53
ORD-1746,2023-01-15,East,Sports,Tennis Racket,4,188.0,0.0,752.0
ORD-1747,2024-08-10,South,Clothing,Sneakers,1,95.2,0.0,95.2
ORD-1748,2024-06-27,West,Books,Fiction Novel,4,26.57,0.2,85.02
ORD-1749,2024-07-25,North,Sports,Dumbbells,1,177.89,0.05,169.0
ORD-1750,2023-01-17,North,Home & Kitchen,Coffee Maker,4,210.64,0.0,842.56
ORD-1751,2024-04-19,West,Books,Fiction Novel,2,44.34,0.05,84.25
ORD-1752,2024-01-30,North,Sports,Yoga Mat,3,139.77,0.0,419.31
ORD-1753,2024-12-02,South,Books,Cookbook,1,32.92,0.0,32.92
ORD-1754,2024-01-28,North,Home & Kitchen,Blender,3,155.65,0.0,466.95
ORD-1755,2023-05-22,South,Books,Fiction Novel,3,15.74,0.0,47.22
ORD-1756,2023-11-25,South,Books,Self-Help,3,45.41,0.1,122.61
ORD-1757,2024-04-08,East,Electronics,Headphones,4,851.89,0.2,2726.05
ORD-1758,2024-09-27,West,Books,Science,3,41.0,0.15,104.55
ORD-1759,2023-03-31,West,Electronics,Smartphone,1,707.89,0.0,707.89
ORD-1760,2023-04-25,East,Electronics,Smartphone,2,845.23,0.2,1352.37
ORD-1761,2024-11-29,West,Electronics,Headphones,5,1411.24,0.05,6703.39
ORD-1762,2023-03-06,South,Electronics,Headphones,1,1333.33,0.0,1333.33
ORD-1763,2024-11-02,East,Home & Kitchen,Vacuum,3,161.26,0.15,411.21
ORD-1764,2024-08-03,East,Sports,Tennis Racket,2,226.1,0.0,452.2
ORD-1765,2023-02-18,East,Sports,Cycling Helmet,2,97.98,0.05,186.16
ORD-1766,2023-07-06,East,Clothing,Sneakers,2,171.08,0.15,290.84
ORD-1767,2023-02-12,North,Clothing,Jeans,3,123.41,0.05,351.72
ORD-1768,2023-12-19,East,Books,Fiction Novel,2,21.78,0.1,39.2
ORD-1769,2024-05-26,West,Electronics,Laptop,2,1432.13,0.0,2864.26
ORD-1770,2024-10-24,East,Books,Cookbook,3,26.33,0.0,78.99
ORD-1771,2023-12-13,West,Books,Self-Help,1,37.92,0.0,37.92
ORD-1772,2024-09-24,West,Home & Kitchen,Blender,2,150.41,0.0,300.82
ORD-1773,2023-10-12,South,Clothing,Sneakers,2,24.06,0.1,43.31
ORD-1774,2023-07-19,West,Electronics,Smartwatch,4,613.09,0.1,2207.12
ORD-1775,2024-03-13,South,Home & Kitchen,Vacuum,3,134.25,0.0,402.75
ORD-1776,2023-08-09,North,Sports,Running Shoes,4,189.26,0.05,719.19
ORD-1777,2024-08-24,South,Sports,Tennis Racket,5,35.23,0.0,176.15
ORD-1778,2024-08-27,North,Books,Science,4,8.98,0.05,34.12
ORD-1779,2024-12-28,West,Clothing,Sneakers,5,155.94,0.0,779.7
ORD-1780,2023-02-13,West,Home & Kitchen,Toaster,3,255.34,0.0,766.02
ORD-1781,2023-06-07,North,Clothing,T-Shirt,3,74.03,0.15,188.78
ORD-1782,2024-05-18,South,Home & Kitchen,Vacuum,2,37.68,0.2,60.29
ORD-1783,2024-08-18,East,Electronics,Smartwatch,4,935.25,0.2,2992.8
ORD-1784,2023-09-23,North,Electronics,Headphones,2,956.15,0.0,1912.3
ORD-1785,2023-02-24,South,Clothing,Jacket,3,85.01,0.15,216.78
ORD-1786,2024-06-10,North,Home & Kitchen,Air Fryer,2,236.94,0.0,473.88
ORD-1787,2023-11-20,East,Clothing,Sneakers,3,68.86,0.15,175.59
ORD-1788,2023-01-14,South,Books,Science,2,28.32,0.0,56.64
ORD-1789,2023-06-08,South,Clothing,T-Shirt,5,59.8,0.0,299.0
ORD-1790,2024-03-03,North,Books,Cookbook,4,46.22,0.0,184.88
ORD-1791,2024-12-08,East,Sports,Cycling Helmet,3,47.67,0.05,135.86
ORD-1792,2023-01-30,East,Home & Kitchen,Coffee Maker,1,90.04,0.2,72.03
ORD-1793,2023-05-14,South,Home & Kitchen,Coffee Maker,1,144.7,0.2,115.76
ORD-1794,2023-07-21,North,Sports,Tennis Racket,1,22.71,0.15,19.3
ORD-1795,2023-03-09,North,Electronics,Headphones,3,1067.86,0.2,2562.86
ORD-1796,2023-07-09,South,Books,Self-Help,3,6.32,0.0,18.96
ORD-1797,2023-06-14,East,Books,Science,5,40.14,0.1,180.63
ORD-1798,2024-06-25,North,Electronics,Smartwatch,2,1130.56,0.0,2261.12
ORD-1799,2024-05-31,South,Electronics,Laptop,4,676.4,0.1,2435.04
ORD-1800,2024-01-24,East,Electronics,Smartphone,4,478.56,0.0,1914.24
ORD-1801,2023-04-23,West,Home & Kitchen,Blender,5,66.7,0.2,266.8
ORD-1802,2024-05-20,East,Electronics,Laptop,1,700.22,0.05,665.21
ORD-1803,2023-10-25,West,Sports,Dumbbells,4,59.36,0.0,237.44
ORD-1804,2024-11-21,North,Home & Kitchen,Coffee Maker,4,211.47,0.05,803.59
ORD-1805,2024-02-09,South,Electronics,Laptop,4,1103.55,0.0,4414.2
ORD-1806,2023-07-23,East,Clothing,T-Shirt,3,56.05,0.2,134.52
ORD-1807,2024-12-31,East,Sports,Tennis Racket,5,154.51,0.2,618.04
ORD-1808,2024-11-13,West,Sports,Cycling Helmet,5,238.28,0.05,1131.83
ORD-1809,2023-09-14,North,Sports,Yoga Mat,4,131.86,,448.32
ORD-1810,2024-11-25,West,Electronics,Laptop,1,1463.69,0.05,1390.51
ORD-1811,2023-03-20,North,Home & Kitchen,Toaster,5,237.24,0.2,948.96
ORD-1812,2024-07-09,East,Sports,Tennis Racket,3,205.23,0.1,554.12
ORD-1813,2024-01-28,North,Electronics,Tablet,4,608.93,0.05,2313.93
ORD-1814,2024-12-24,East,Clothing,Sneakers,2,108.47,0.0,216.94
ORD-1815,2024-11-06,West,Electronics,Smartwatch,5,1090.99,0.1,4909.45
ORD-1816,2024-02-05,North,Clothing,Sneakers,3,109.04,0.05,310.76
ORD-1817,2023-01-29,North,Home & Kitchen,Air Fryer,5,42.18,0.2,168.72
ORD-1818,2024-01-25,East,Books,Fiction Novel,1,24.27,0.0,24.27
ORD-1819,2024-10-25,South,Clothing,Jeans,3,126.66,0.15,322.98
ORD-1820,2024-07-05,North,Home & Kitchen,Coffee Maker,3,40.09,0.15,102.23
ORD-1821,2024-12-13,North,Sports,Cycling Helmet,4,153.18,0.0,612.72
ORD-1822,2023-04-13,West,Books,Fiction Novel,2,20.12,0.1,36.22
ORD-1823,2024-01-08,East,Clothing,Sneakers,4,56.32,0.15,191.49
ORD-1824,2023-09-29,East,Books,Self-Help,1,18.38,0.1,16.54
ORD-1825,2024-08-29,North,Electronics,Smartwatch,3,555.37,0.1,1499.5
ORD-1826,2024-10-29,North,Clothing,Jacket,3,110.84,0.0,332.52
ORD-1827,2023-09-15,West,Clothing,Dress,5,112.77,0.15,479.27
ORD-1828,2024-08-13,South,Electronics,Smartwatch,4,476.84,0.2,1525.89
ORD-1829,2024-08-02,West,Books,Cookbook,1,28.5,0.0,28.5
ORD-1830,2023-11-23,West,Home & Kitchen,Vacuum,1,201.16,0.2,160.93
ORD-1831,2024-02-20,,Clothing,Jacket,2,40.44,0.0,80.88
ORD-1832,2024-07-27,West,Home & Kitchen,Vacuum,4,143.95,0.0,575.8
ORD-1833,2024-11-05,East,Electronics,Headphones,5,428.78,0.2,1715.12
ORD-1834,2023-11-18,North,Electronics,Laptop,5,587.37,0.0,2936.85
ORD-1835,2023-05-24,West,Home & Kitchen,Blender,2,60.22,0.15,102.37
ORD-1836,2024-05-23,East,Books,Cookbook,1,15.71,0.0,15.71
ORD-1837,2024-03-09,South,Books,History,2,11.49,0.0,22.98
ORD-1838,2024-05-17,North,Sports,Cycling Helmet,5,103.06,0.0,515.3
ORD-1839,2024-01-07,South,Clothing,Jacket,4,148.82,0.2,476.22
ORD-1840,2024-12-08,North,Books,Fiction Novel,2,16.38,0.05,31.12
ORD-1841,2024-03-29,South,Home & Kitchen,Blender,4,32.12,0.05,122.06
ORD-1842,2023-11-01,South,Home & Kitchen,Blender,2,262.04,0.0,524.08
ORD-1843,2023-03-24,East,Sports,Yoga Mat,4,125.71,0.05,477.7
ORD-1844,2024-12-16,South,Sports,Yoga Mat,3,133.99,0.0,401.97
ORD-1845,2024-12-12,West,Books,Science,1,39.29,0.15,33.4
ORD-1846,2023-07-24,West,Clothing,T-Shirt,3,76.47,0.0,229.41
ORD-1847,2023-11-24,West,Clothing,Sneakers,4,106.11,0.15,360.77
ORD-1848,2023-07-23,East,Books,Science,1,23.65,0.0,23.65
ORD-1849,2023-01-24,North,Books,Self-Help,5,34.12,0.15,145.01
ORD-1850,2024-12-19,East,Sports,Dumbbells,2,26.7,0.1,48.06
ORD-1851,2024-08-03,South,Electronics,Headphones,1,218.35,0.1,196.51
ORD-1852,2023-08-18,North,Sports,Tennis Racket,2,59.78,0.2,95.65
ORD-1853,2024-03-17,South,Sports,Tennis Racket,2,156.02,0.2,249.63
ORD-1854,2023-05-30,West,Sports,Dumbbells,1,83.2,0.0,83.2
ORD-1855,2023-03-29,West,Clothing,Jacket,1,104.4,0.2,83.52
ORD-1856,2024-09-03,West,Clothing,Dress,3,33.15,0.1,89.5
ORD-1857,2024-09-12,East,Clothing,Dress,5,147.72,0.2,590.88
ORD-1858,2024-02-09,East,Books,History,3,10.95,0.1,29.56
ORD-1859,2023-12-14,West,Clothing,Sneakers,4,43.75,0.0,175.0
ORD-1860,2023-02-15,East,Home & Kitchen,Blender,2,164.79,0.2,263.66
ORD-1861,2024-09-19,East,Sports,Cycling Helmet,3,136.49,0.05,389.0
ORD-1862,2023-02-24,West,Sports,Dumbbells,2,49.93,0.0,99.86
ORD-1863,2023-04-29,West,Clothing,Dress,4,27.34,0.0,109.36
ORD-1864,2023-06-01,North,Sports,Tennis Racket,1,97.16,0.0,97.16
ORD-1865,2024-07-30,East,Clothing,Sneakers,5,58.23,0.0,291.15
ORD-1866,2024-05-25,South,Sports,Yoga Mat,1,223.53,0.0,223.53
ORD-1867,2024-08-27,,Electronics,Tablet,1,1288.07,0.0,1288.07
ORD-1868,2024-08-31,East,Sports,Tennis Racket,1,92.42,0.0,92.42
ORD-1869,2023-08-05,South,Home & Kitchen,Toaster,1,246.42,0.0,246.42
ORD-1870,2023-04-05,West,Electronics,Smartwatch,4,531.71,0.0,2126.84
ORD-1871,2023-06-16,South,Electronics,Laptop,4,1213.34,0.0,4853.36
ORD-1872,2024-05-17,East,Clothing,T-Shirt,4,152.46,0.0,609.84
ORD-1873,2024-06-08,East,Home & Kitchen,Blender,2,162.2,0.05,308.18
ORD-1874,2024-01-13,West,Sports,Yoga Mat,5,58.79,0.15,249.86
ORD-1875,2024-10-25,South,Home & Kitchen,Vacuum,2,281.28,0.1,506.3
ORD-1876,2023-03-23,West,Home & Kitchen,Vacuum,4,111.11,0.0,444.44
ORD-1877,2023-10-30,West,Clothing,Sneakers,5,28.59,0.0,142.95
ORD-1878,2023-04-07,West,Books,History,4,34.74,0.1,125.06
ORD-1879,2023-04-27,North,Books,Fiction Novel,4,13.08,0.0,52.32
ORD-1880,2024-08-24,East,Sports,Cycling Helmet,4,192.98,0.05,733.32
ORD-1881,2023-03-22,South,Clothing,Jeans,5,66.68,0.15,283.39
ORD-1882,2023-01-14,North,Electronics,Tablet,2,1052.54,0.05,1999.83
ORD-1883,2024-09-25,East,Books,History,5,21.23,0.15,90.23
ORD-1884,2023-05-19,,Home & Kitchen,Blender,1,81.52,0.2,65.22
ORD-1885,2024-10-26,West,Electronics,Smartphone,2,1044.66,0.05,1984.85
ORD-1886,2023-11-05,,Books,Self-Help,4,11.67,0.05,44.35
ORD-1887,2024-04-27,West,Clothing,Dress,1,174.76,0.1,157.28
ORD-1888,2023-01-09,East,Sports,Yoga Mat,1,163.15,0.15,138.68
ORD-1889,2023-02-07,East,Sports,Running Shoes,4,108.92,0.1,392.11
ORD-1890,2024-06-24,North,Sports,Dumbbells,1,114.17,0.0,114.17
ORD-1891,2024-05-21,North,Sports,Tennis Racket,5,235.66,0.0,1178.3
ORD-1892,2024-04-25,South,Clothing,Jacket,3,98.86,0.1,266.92
ORD-1893,2023-05-15,West,Home & Kitchen,Toaster,3,225.21,0.05,641.85
ORD-1894,2024-09-28,South,Home & Kitchen,Vacuum,2,106.26,0.15,180.64
ORD-1895,2024-09-12,South,Clothing,Jeans,4,38.16,0.05,145.01
ORD-1896,2023-01-19,North,Clothing,Jeans,3,178.56,0.0,535.68
ORD-1897,2023-12-12,North,Books,Fiction Novel,4,10.13,0.0,40.52
ORD-1898,2023-02-17,East,Home & Kitchen,Air Fryer,5,102.22,0.0,511.1
ORD-1899,2024-03-24,North,Books,Fiction Novel,4,48.32,0.2,154.62
ORD-1900,2024-07-29,North,Books,Cookbook,1,27.83,0.0,27.83
ORD-1901,2024-12-26,East,Home & Kitchen,Coffee Maker,4,235.73,0.05,895.77
ORD-1902,2023-05-06,South,Home & Kitchen,Air Fryer,2,148.56,,282.26
ORD-1903,2024-06-01,East,Sports,Cycling Helmet,2,35.03,0.0,70.06
ORD-1904,2023-08-22,West,Clothing,Jeans,2,164.32,0.05,312.21
ORD-1905,2024-03-29,North,Books,Science,2,39.66,0.15,67.42
ORD-1906,2024-02-16,East,Electronics,Headphones,2,764.29,0.05,1452.15
ORD-1907,2024-10-08,North,Clothing,Sneakers,5,195.08,0.05,926.63
ORD-1908,2023-12-19,East,Books,Science,1,42.22,0.1,38.0
ORD-1909,2024-07-11,South,Sports,Tennis Racket,5,200.26,0.15,851.1
ORD-1910,2023-03-28,East,Sports,Dumbbells,1,141.3,0.05,134.24
ORD-1911,2023-08-07,East,Clothing,Sneakers,1,112.1,0.0,112.1
ORD-1912,2024-07-06,North,Clothing,T-Shirt,5,66.56,0.2,266.24
ORD-1913,2024-01-17,North,Books,Fiction Novel,3,33.21,0.0,99.63
ORD-1914,2024-08-09,East,Electronics,Tablet,1,789.09,0.0,789.09
ORD-1915,2023-12-25,South,Books,Cookbook,3,17.8,0.2,42.72
ORD-1916,2023-04-18,South,Clothing,Dress,3,112.96,0.0,338.88
ORD-1917,2024-02-26,West,Electronics,Smartphone,1,319.92,0.05,303.92
ORD-1918,2024-11-24,East,Sports,Yoga Mat,5,109.65,0.1,493.43
ORD-1919,2024-10-13,West,Home & Kitchen,Toaster,4,299.06,0.15,1016.8
ORD-1920,2024-06-01,South,Sports,Dumbbells,2,128.92,0.05,244.95
ORD-1921,2024-04-11,South,Books,Fiction Novel,4,6.47,0.0,25.88
ORD-1922,2023-04-23,West,Electronics,Smartwatch,1,680.46,0.0,680.46
ORD-1923,2023-11-07,East,Home & Kitchen,Air Fryer,3,161.2,0.2,386.88
ORD-1924,2023-10-18,East,Sports,Yoga Mat,2,58.02,0.15,98.63
ORD-1925,2024-03-03,North,Home & Kitchen,Blender,4,184.73,0.1,665.03
ORD-1926,2023-05-22,South,Sports,Tennis Racket,5,164.57,0.2,658.28
ORD-1927,2024-02-01,West,Home & Kitchen,Blender,2,273.07,0.0,546.14
ORD-1928,2023-06-19,North,Sports,Cycling Helmet,1,149.42,0.2,119.54
ORD-1929,2023-07-17,North,Electronics,Smartwatch,5,904.38,0.2,3617.52
ORD-1930,2023-05-04,North,Clothing,Dress,5,52.35,0.0,261.75
ORD-1931,2024-06-30,North,Books,History,5,19.42,0.1,87.39
ORD-1932,2023-07-04,West,Electronics,Headphones,4,231.27,0.1,832.57
ORD-1933,2023-10-20,South,Electronics,Laptop,2,437.47,0.2,699.95
ORD-1934,2024-09-21,North,Sports,Dumbbells,3,57.64,0.15,146.98
ORD-1935,2023-11-28,West,Home & Kitchen,Coffee Maker,3,131.39,0.2,315.34
ORD-1936,2024-05-19,South,Clothing,Sneakers,5,155.43,0.05,738.29
ORD-1937,2023-03-09,West,Home & Kitchen,Vacuum,4,37.8,0.15,128.52
ORD-1938,2023-09-10,North,Home & Kitchen,Toaster,5,205.92,0.0,1029.6
ORD-1939,2023-05-26,South,Electronics,Smartwatch,3,902.57,0.0,2707.71
ORD-1940,2023-02-12,West,Sports,Running Shoes,1,205.97,0.2,164.78
ORD-1941,2024-05-08,North,Clothing,T-Shirt,3,127.62,0.2,306.29
ORD-1942,2023-02-16,East,Clothing,Sneakers,2,153.05,0.1,275.49
ORD-1943,2024-03-18,East,Electronics,Smartphone,2,993.58,0.2,1589.73
ORD-1944,2023-10-07,West,Home & Kitchen,Air Fryer,2,208.81,0.0,417.62
ORD-1945,2024-12-09,North,Books,Science,2,34.09,,68.18
ORD-1946,2024-07-23,West,Electronics,Smartphone,4,1191.2,0.1,4288.32
ORD-1947,2024-11-18,North,Electronics,Smartwatch,4,1073.92,0.0,4295.68
ORD-1948,2023-07-01,West,Books,Science,1,10.61,0.0,10.61
ORD-1949,2024-11-27,East,Clothing,T-Shirt,3,54.47,0.2,130.73
ORD-1950,2024-01-07,West,Clothing,Jeans,1,70.54,0.15,59.96
ORD-1951,2023-10-12,North,Clothing,Dress,5,110.06,0.0,550.3
ORD-1952,2023-03-08,South,Books,Cookbook,5,10.77,0.0,53.85
ORD-1953,2023-07-16,East,Clothing,Sneakers,1,198.55,0.15,168.77
ORD-1954,2024-03-13,North,Books,History,1,43.42,0.0,43.42
ORD-1955,2024-05-22,West,Home & Kitchen,Blender,3,169.66,0.0,508.98
ORD-1956,2023-11-20,West,Home & Kitchen,Vacuum,1,135.8,0.0,135.8
ORD-1957,2023-03-18,West,Electronics,Smartphone,2,455.94,0.0,911.88
ORD-1958,2024-03-18,West,Electronics,Laptop,1,970.29,0.15,824.75
ORD-1959,2023-09-02,West,Clothing,T-Shirt,3,169.85,0.2,407.64
ORD-1960,2023-04-08,West,Electronics,Smartwatch,4,952.61,0.0,3810.44
ORD-1961,2023-05-11,North,Sports,Cycling Helmet,1,230.99,0.05,219.44
ORD-1962,2024-11-24,North,Sports,Yoga Mat,1,146.43,0.0,146.43
ORD-1963,2024-09-05,South,Books,History,5,5.48,0.05,26.03
ORD-1964,2023-12-14,North,Books,Cookbook,1,25.43,0.0,25.43
ORD-1965,2024-08-30,North,Electronics,Smartwatch,2,1375.68,0.0,2751.36
ORD-1966,2023-07-10,West,Sports,Tennis Racket,2,47.35,0.0,94.7
ORD-1967,2023-11-15,East,Sports,Running Shoes,5,223.03,0.2,892.12
ORD-1968,2024-01-13,East,Books,Science,1,28.3,0.15,24.05
ORD-1969,2024-03-08,North,Books,Cookbook,3,13.79,0.0,41.37
ORD-1970,2024-11-14,South,Electronics,Headphones,4,1103.22,0.05,4192.24
ORD-1971,2024-09-22,East,Books,Cookbook,3,23.84,0.0,71.52
ORD-1972,2023-01-04,South,Electronics,Tablet,2,1101.19,0.05,2092.26
ORD-1973,2024-02-14,South,Home & Kitchen,Vacuum,2,253.04,0.0,506.08
ORD-1974,2023-05-26,North,Electronics,Smartwatch,3,772.53,0.15,1969.95
ORD-1975,2023-07-22,South,Electronics,Laptop,3,426.39,0.0,1279.17
ORD-1976,2023-07-20,South,Books,Self-Help,1,12.92,,12.92
ORD-1977,2023-12-13,North,Clothing,Dress,2,74.91,0.0,149.82
ORD-1978,2024-12-29,West,Clothing,Sneakers,1,41.33,0.0,41.33
ORD-1979,2024-09-05,East,Sports,Cycling Helmet,4,244.59,0.0,978.36
ORD-1980,2023-06-02,East,Books,Self-Help,3,16.12,0.15,41.11
ORD-1981,2023-08-03,West,Books,Cookbook,1,40.31,0.2,32.25
ORD-1982,2024-05-25,East,Books,History,5,25.89,0.0,129.45
ORD-1983,2023-10-02,West,Sports,Tennis Racket,5,109.22,0.2,436.88
ORD-1984,2023-08-29,West,Clothing,Jeans,4,59.35,0.05,225.53
ORD-1985,2023-05-18,North,Home & Kitchen,Air Fryer,1,109.66,0.1,98.69
ORD-1986,2024-03-12,East,Sports,Running Shoes,4,124.87,0.05,474.51
ORD-1987,2023-07-03,North,Home & Kitchen,Vacuum,4,93.12,0.15,316.61
ORD-1988,2023-10-11,North,Home & Kitchen,Toaster,2,56.57,0.0,113.14
ORD-1989,2023-09-14,East,Home & Kitchen,Coffee Maker,3,231.21,0.2,554.9
ORD-1990,2023-01-09,East,Books,Self-Help,3,17.68,0.0,53.04
ORD-1991,2024-04-28,North,Sports,Running Shoes,5,247.48,0.0,1237.4
ORD-1992,2024-06-12,South,Clothing,Dress,5,161.48,0.2,645.92
ORD-1993,2023-07-12,East,Home & Kitchen,Blender,4,237.94,0.15,809.0
ORD-1994,2023-05-23,East,Books,Fiction Novel,5,44.32,,221.6
ORD-1995,2024-03-05,South,Home & Kitchen,Air Fryer,4,215.16,0.05,817.61
ORD-1996,2024-08-04,North,Home & Kitchen,Air Fryer,1,278.98,0.0,278.98
ORD-1997,2024-01-26,West,Books,Cookbook,2,47.69,0.0,95.38
ORD-1998,2024-10-16,West,Electronics,Headphones,3,321.21,0.0,963.63
ORD-1999,2023-07-11,North,Books,History,2,8.13,0.05,15.45
ORD-2000,2023-02-28,West,Books,Fiction Novel,3,28.33,0.0,84.99
ORD-2001,2023-05-13,North,Sports,Dumbbells,5,113.33,0.15,481.65
ORD-2002,2023-11-14,South,Clothing,Jeans,4,167.22,0.15,568.55
ORD-2003,2024-05-29,South,Home & Kitchen,Toaster,4,104.37,0.0,417.48
ORD-2004,2024-06-22,South,Sports,Running Shoes,3,228.92,0.05,652.42
ORD-2005,2023-12-22,West,Electronics,Headphones,3,708.42,0.2,1700.21
ORD-2006,2024-04-13,West,Clothing,Jeans,4,183.95,0.0,735.8
ORD-2007,2023-10-08,South,Electronics,Smartphone,5,579.46,0.0,2897.3
ORD-2008,2024-07-20,West,Clothing,Dress,1,199.16,0.0,199.16
ORD-2009,2023-06-18,West,Home & Kitchen,Vacuum,3,85.99,0.0,257.97
ORD-2010,2024-02-13,East,Sports,Tennis Racket,2,108.22,0.0,216.44
ORD-2011,2024-05-11,West,Clothing,Jacket,4,32.28,0.1,116.21
ORD-2012,2023-10-13,West,Sports,Dumbbells,2,55.09,0.0,110.18
ORD-2013,2023-06-22,West,Electronics,Smartwatch,1,1072.81,0.0,1072.81
ORD-2014,2023-02-05,South,Home & Kitchen,Coffee Maker,5,88.36,0.15,375.53
ORD-2015,2024-12-07,,Books,Fiction Novel,3,24.98,0.1,67.45
ORD-2016,2023-09-02,,Clothing,Jeans,2,36.45,,69.25
ORD-2017,2023-04-09,South,Clothing,T-Shirt,2,150.32,0.0,300.64
ORD-2018,2024-10-01,South,Home & Kitchen,Air Fryer,2,282.27,0.05,536.31
ORD-2019,2023-11-28,East,Clothing,T-Shirt,2,22.7,0.15,38.59
ORD-2020,2024-11-04,North,Sports,Dumbbells,3,167.74,0.0,503.22
ORD-2021,2023-04-15,West,Sports,Cycling Helmet,5,200.95,0.2,803.8
ORD-2022,2024-10-08,East,Electronics,Smartwatch,4,1081.27,0.2,3460.06
ORD-2023,2023-12-10,North,Home & Kitchen,Vacuum,1,194.3,0.1,174.87
ORD-2024,2023-08-27,North,Clothing,Sneakers,1,130.94,0.0,130.94
ORD-2025,2023-03-03,North,Clothing,Sneakers,2,87.41,0.0,174.82
ORD-2026,2023-12-03,West,Electronics,Smartphone,2,561.56,0.15,954.65
ORD-2027,2023-08-23,North,Sports,Cycling Helmet,3,95.54,0.0,286.62
ORD-2028,2024-06-17,,Clothing,Jeans,3,53.04,0.15,135.25
ORD-2029,2024-10-11,North,Electronics,Smartphone,2,1419.76,0.0,2839.52
ORD-2030,2024-03-12,North,Clothing,Jeans,4,76.06,0.15,258.6
ORD-2031,2023-10-20,East,Books,Self-Help,5,25.17,0.15,106.97
ORD-2032,2024-02-12,East,Sports,Yoga Mat,4,54.43,0.05,206.83
ORD-2033,2023-01-21,West,Sports,Dumbbells,4,115.44,0.0,461.76
ORD-2034,2024-07-20,South,Books,Cookbook,2,16.58,0.05,31.5
ORD-2035,2023-03-15,West,Books,Cookbook,3,11.15,0.05,31.78
ORD-2036,2024-05-18,East,Electronics,Laptop,4,1403.4,0.05,5332.92
ORD-2037,2024-02-23,North,Sports,Cycling Helmet,1,248.23,0.0,248.23
ORD-2038,2023-12-23,East,Clothing,Dress,5,147.64,0.15,627.47
ORD-2039,2023-09-06,South,Sports,Tennis Racket,4,23.11,0.2,73.95
ORD-2040,2024-09-11,East,Electronics,Smartphone,4,1427.54,0.0,5710.16
ORD-2041,2023-04-05,North,Clothing,T-Shirt,4,91.58,0.1,329.69
ORD-2042,2024-03-13,South,Clothing,Dress,3,144.53,0.1,390.23
ORD-2043,2024-02-26,East,Sports,Running Shoes,1,40.68,0.1,36.61
ORD-2044,2024-02-12,South,Clothing,Jacket,3,21.16,,63.48
ORD-2045,2024-11-01,West,Electronics,Tablet,3,1152.95,0.0,3458.85
ORD-2046,2023-07-06,West,Clothing,Jeans,5,190.73,0.05,905.97
ORD-2047,2023-07-16,South,Clothing,T-Shirt,3,196.93,0.2,472.63
ORD-2048,2023-03-23,South,Books,Fiction Novel,3,8.86,0.0,26.58
ORD-2049,2024-05-11,West,Books,Self-Help,1,5.43,,5.43
ORD-2050,2023-08-05,North,Books,Fiction Novel,5,40.63,0.05,192.99
ORD-2051,2023-12-12,West,Home & Kitchen,Vacuum,5,145.95,0.0,729.75
ORD-2052,2024-11-12,East,Home & Kitchen,Coffee Maker,4,132.18,0.0,528.72
ORD-2053,2024-12-16,,Electronics,Laptop,4,1142.79,0.0,4571.16
ORD-2054,2024-01-13,South,Books,Science,4,32.83,0.15,111.62
ORD-2055,2023-01-18,East,Clothing,T-Shirt,3,177.22,0.2,425.33
ORD-2056,2024-02-14,West,Clothing,Sneakers,5,162.91,0.0,814.55
ORD-2057,2023-10-28,West,Sports,Yoga Mat,5,60.84,0.0,304.2
ORD-2058,2024-05-24,South,Books,Fiction Novel,1,18.56,0.15,15.78
ORD-2059,2023-04-29,West,Sports,Dumbbells,4,170.72,0.0,682.88
ORD-2060,2023-01-30,West,Electronics,Laptop,2,1407.7,0.0,2815.4
ORD-2061,2024-11-17,West,Clothing,Jacket,1,139.79,0.1,125.81
ORD-2062,2024-10-21,North,Home & Kitchen,Coffee Maker,3,131.79,0.15,336.06
ORD-2063,2023-08-17,South,Books,History,3,10.21,0.0,30.63
ORD-2064,2024-08-09,North,Books,Self-Help,3,10.73,0.0,32.19
ORD-2065,2024-08-27,North,Electronics,Headphones,5,446.81,0.05,2122.35
ORD-2066,2023-04-20,South,Home & Kitchen,Coffee Maker,4,32.48,0.2,103.94
ORD-2067,2024-11-27,West,Home & Kitchen,Coffee Maker,4,69.8,0.0,279.2
ORD-2068,2023-11-13,East,Electronics,Smartwatch,5,1487.44,0.0,7437.2
ORD-2069,2024-05-21,South,Books,History,3,36.69,0.05,104.57
ORD-2070,2024-12-18,South,Clothing,Jeans,1,186.17,0.2,148.94
ORD-2071,2023-01-23,South,Sports,Cycling Helmet,5,107.19,0.05,509.15
ORD-2072,2024-06-24,North,Sports,Tennis Racket,3,81.36,0.0,244.08
ORD-2073,2024-08-17,East,Electronics,Smartphone,1,1304.75,0.15,1109.04
ORD-2074,2024-12-13,West,Books,Self-Help,4,18.1,0.0,72.4
ORD-2075,2024-08-12,East,Clothing,T-Shirt,1,142.1,0.2,113.68
ORD-2076,2023-04-09,North,Sports,Dumbbells,3,243.93,0.0,731.79
ORD-2077,2023-06-02,West,Books,Science,4,16.03,0.0,64.12
ORD-2078,2024-12-09,West,Books,Self-Help,1,40.0,0.2,32.0
ORD-2079,2023-05-03,North,Sports,Cycling Helmet,1,34.42,0.05,32.7
ORD-2080,2023-10-08,West,Clothing,T-Shirt,1,162.98,0.0,162.98
ORD-2081,2023-04-12,South,Sports,Cycling Helmet,3,29.92,0.2,71.81
ORD-2082,2023-03-07,West,Electronics,Tablet,5,1288.29,0.1,5797.31
ORD-2083,2023-07-05,North,Electronics,Smartphone,5,1103.78,0.0,5518.9
ORD-2084,2024-08-11,South,Electronics,Laptop,2,1048.43,0.0,2096.86
ORD-2085,2024-06-02,North,Electronics,Laptop,3,672.63,0.1,1816.1
ORD-2086,2023-02-17,East,Electronics,Smartphone,5,1376.01,0.0,6880.05
ORD-2087,2024-06-19,East,Books,History,3,32.28,0.1,87.16
ORD-2088,2023-07-12,North,Electronics,Smartphone,2,589.62,0.2,943.39
ORD-2089,2023-10-12,East,Books,Self-Help,2,37.81,0.05,71.84
ORD-2090,2024-04-12,West,Sports,Dumbbells,1,237.01,0.15,201.46
ORD-2091,2024-10-06,North,Books,Self-Help,3,49.79,0.15,126.96
ORD-2092,2024-03-05,South,Books,Cookbook,2,19.24,,30.78
ORD-2093,2023-10-04,North,Books,Self-Help,1,28.92,0.15,24.58
ORD-2094,2023-10-07,East,Electronics,Headphones,2,1329.51,0.0,2659.02
ORD-2095,2023-05-07,North,Clothing,Dress,2,114.77,0.0,229.54
ORD-2096,2024-12-18,East,Electronics,Smartwatch,5,1325.02,0.1,5962.59
ORD-2097,2024-02-03,East,Electronics,Smartphone,2,648.72,0.15,1102.82
ORD-2098,2024-05-03,West,Books,Cookbook,5,10.74,0.0,53.7
ORD-2099,2024-08-04,West,Clothing,Jeans,3,29.52,0.15,75.28
ORD-2100,2024-12-24,West,Clothing,Sneakers,4,52.96,0.0,211.84
ORD-2101,2023-11-09,South,Home & Kitchen,Vacuum,1,285.81,0.05,271.52
ORD-2102,2023-04-06,South,Electronics,Laptop,2,947.91,0.0,1895.82
ORD-2103,2024-11-24,West,Sports,Yoga Mat,5,234.12,0.0,1170.6
ORD-2104,2023-01-15,West,Books,Fiction Novel,5,13.56,0.2,54.24
ORD-2105,2024-11-08,South,Books,Science,5,35.78,0.0,178.9
ORD-2106,2023-03-18,South,Books,Self-Help,3,42.77,0.1,115.48
ORD-2107,2024-01-18,South,Sports,Tennis Racket,1,94.42,0.15,80.26
ORD-2108,2024-05-09,East,Electronics,Headphones,3,544.18,0.0,1632.54
ORD-2109,2024-04-19,North,Clothing,Jacket,5,172.7,0.0,863.5
ORD-2110,2023-04-20,East,Home & Kitchen,Air Fryer,1,124.42,0.15,105.76
ORD-2111,2023-07-22,West,Electronics,Tablet,1,887.83,0.0,887.83
ORD-2112,2023-08-20,East,Electronics,Smartphone,4,713.97,0.0,2855.88
ORD-2113,2024-03-25,North,Books,Science,4,12.28,,49.12
ORD-2114,2023-10-19,South,Clothing,T-Shirt,1,44.06,0.05,41.86
ORD-2115,2024-11-12,West,Clothing,Jeans,3,41.38,0.05,117.93
ORD-2116,2024-05-28,West,Clothing,Jacket,4,43.66,0.0,174.64
ORD-2117,2024-12-01,North,Home & Kitchen,Toaster,2,44.05,0.2,70.48
ORD-2118,2023-10-24,West,Electronics,Tablet,3,831.71,0.2,1996.1
ORD-2119,2023-10-15,South,Books,Self-Help,1,43.89,0.15,37.31
ORD-2120,2024-12-18,North,Clothing,Dress,5,130.0,0.0,650.0
ORD-2121,2023-05-16,North,Clothing,Jeans,4,26.91,0.0,107.64
ORD-2122,2023-02-22,North,Books,Self-Help,4,23.33,0.0,93.32
ORD-2123,2024-05-05,West,Clothing,Jacket,1,111.78,0.15,95.01
ORD-2124,2024-12-29,East,Home & Kitchen,Air Fryer,4,96.68,,386.72
ORD-2125,2024-04-28,East,Home & Kitchen,Coffee Maker,3,275.29,0.0,825.87
ORD-2126,2023-11-08,East,Sports,Cycling Helmet,1,37.77,0.0,37.77
ORD-2127,2024-01-06,East,Clothing,Jacket,5,115.2,0.0,576.0
ORD-2128,2023-04-19,North,Books,History,2,33.33,0.1,59.99
ORD-2129,2023-04-12,West,Clothing,Jeans,1,189.53,0.1,170.58
ORD-2130,2023-02-14,South,Clothing,Sneakers,2,54.51,0.1,98.12
ORD-2131,2024-04-04,East,Books,Science,1,45.99,0.0,45.99
ORD-2132,2024-09-05,South,Books,Fiction Novel,3,36.35,0.0,109.05
ORD-2133,2024-05-21,West,Electronics,Smartphone,5,1331.33,0.0,6656.65
ORD-2134,2024-02-15,,Sports,Running Shoes,5,78.8,0.0,394.0
ORD-2135,2024-05-30,West,Books,Fiction Novel,5,16.65,0.2,66.6
ORD-2136,2023-08-18,South,Books,Fiction Novel,1,29.01,0.0,29.01
ORD-2137,2023-02-22,East,Home & Kitchen,Coffee Maker,2,297.17,,594.34
ORD-2138,2023-11-29,East,Home & Kitchen,Toaster,1,285.54,0.1,256.99
ORD-2139,2023-02-28,East,Books,Science,1,42.08,0.0,42.08
ORD-2140,2024-12-05,North,Home & Kitchen,Blender,4,285.33,0.0,1141.32
ORD-2141,2023-08-14,West,Books,Self-Help,3,17.1,0.1,46.17
ORD-2142,2023-08-26,West,Sports,Dumbbells,4,101.63,0.05,386.19
ORD-2143,2024-08-06,South,Clothing,Jeans,4,189.8,,759.2
ORD-2144,2024-12-04,West,Clothing,Jeans,5,53.81,0.0,269.05
ORD-2145,2023-01-13,,Sports,Yoga Mat,5,38.44,0.05,182.59
ORD-2146,2023-03-27,South,Electronics,Smartphone,3,385.43,0.15,982.85
ORD-2147,2024-12-25,East,Electronics,Laptop,1,463.02,0.05,439.87
ORD-2148,2024-05-05,East,Clothing,Jacket,2,63.89,0.1,115.0
ORD-2149,2023-04-16,North,Electronics,Laptop,5,585.76,0.1,2635.92
ORD-2150,2023-08-21,North,Electronics,Smartphone,4,701.0,0.0,2804.0
ORD-2151,2023-06-23,West,Sports,Yoga Mat,1,67.76,0.0,67.76
ORD-2152,2023-02-14,North,Electronics,Headphones,5,396.43,0.05,1883.04
ORD-2153,2024-10-01,East,Sports,Dumbbells,3,96.87,0.0,290.61
ORD-2154,2023-01-03,North,Home & Kitchen,Air Fryer,2,240.0,0.0,480.0
ORD-2155,2024-08-14,North,Sports,Yoga Mat,4,240.5,0.0,962.0
ORD-2156,2023-12-28,West,Clothing,Jeans,3,108.96,0.05,310.54
ORD-2157,2024-01-28,South,Home & Kitchen,Coffee Maker,4,178.32,0.1,641.95
ORD-2158,2024-08-17,North,Clothing,Dress,4,114.85,0.2,367.52
ORD-2159,2023-01-03,East,Electronics,Smartphone,2,1492.08,0.0,2984.16
ORD-2160,2023-12-24,North,Clothing,T-Shirt,3,172.78,0.2,414.67
ORD-2161,2023-09-06,West,Sports,Dumbbells,2,209.54,0.0,419.08
ORD-2162,2024-12-13,North,Clothing,Dress,4,86.9,0.15,295.46
ORD-2163,2023-01-31,South,Sports,Running Shoes,2,100.83,,201.66
ORD-2164,2024-04-26,South,Sports,Dumbbells,2,190.81,0.15,324.38
ORD-2165,2023-10-21,North,Home & Kitchen,Vacuum,1,72.09,0.15,61.28
ORD-2166,2024-02-10,North,Books,Self-Help,4,35.6,0.05,135.28
ORD-2167,2024-12-27,East,Books,Cookbook,2,24.07,0.0,48.14
ORD-2168,2024-02-15,South,Sports,Dumbbells,5,28.16,0.05,133.76
ORD-2169,2024-12-10,North,Books,Cookbook,4,26.48,0.15,90.03
ORD-2170,2024-10-24,East,Clothing,T-Shirt,4,55.05,0.0,220.2
ORD-2171,2023-10-16,South,Home & Kitchen,Blender,2,176.22,,352.44
ORD-2172,2024-10-15,South,Home & Kitchen,Coffee Maker,1,94.89,0.0,94.89
ORD-2173,2023-02-19,,Books,History,3,9.19,0.0,27.57
ORD-2174,2023-11-19,South,Home & Kitchen,Vacuum,4,225.94,0.0,903.76
ORD-2175,2024-05-29,North,Sports,Running Shoes,2,20.57,0.2,32.91
ORD-2176,2023-06-05,South,Electronics,Headphones,4,302.38,0.15,1028.09
ORD-2177,2024-05-28,South,Clothing,Jeans,5,198.61,0.1,893.75
ORD-2178,2023-12-14,South,Home & Kitchen,Vacuum,3,127.29,0.2,305.5
ORD-2179,2024-09-17,South,Sports,Dumbbells,5,32.62,0.0,163.1
ORD-2180,2023-11-13,South,Electronics,Laptop,5,1327.79,0.2,5311.16
ORD-2181,2023-06-23,East,Electronics,Tablet,3,409.91,0.0,1229.73
ORD-2182,2023-09-22,West,Electronics,Smartphone,4,1472.03,0.2,4710.5
ORD-2183,2023-02-10,West,Clothing,T-Shirt,3,174.62,0.05,497.67
ORD-2184,2024-06-08,East,Clothing,Dress,5,191.37,0.0,956.85
ORD-2185,2024-09-27,North,Sports,Cycling Helmet,1,189.15,0.0,189.15
ORD-2186,2024-01-20,East,Clothing,T-Shirt,2,122.62,0.2,196.19
ORD-2187,2024-04-22,East,Sports,Yoga Mat,4,165.98,0.2,531.14
ORD-2188,2023-07-24,West,Electronics,Tablet,4,627.34,0.0,2509.36
ORD-2189,2023-10-13,North,Clothing,Dress,4,26.89,0.0,107.56
ORD-2190,2024-09-07,North,Clothing,Jacket,4,31.23,0.2,99.94
ORD-2191,2023-08-05,North,Sports,Dumbbells,1,238.87,0.15,203.04
ORD-2192,2023-03-12,South,Clothing,T-Shirt,3,92.91,0.0,278.73
ORD-2193,2024-11-16,South,Sports,Running Shoes,3,58.26,0.0,174.78
ORD-2194,2023-07-23,South,Home & Kitchen,Air Fryer,3,284.32,0.05,810.31
ORD-2195,2024-12-10,East,Clothing,Dress,5,90.04,0.0,450.2
ORD-2196,2023-11-28,South,Clothing,T-Shirt,3,22.55,0.05,64.27
ORD-2197,2023-09-27,West,Home & Kitchen,Blender,5,225.02,0.05,1068.85
ORD-2198,2023-02-07,North,Sports,Running Shoes,2,190.24,0.0,380.48
ORD-2199,2023-08-10,West,Clothing,Sneakers,3,57.76,0.0,173.28
ORD-2200,2023-01-17,East,Electronics,Headphones,3,1365.65,0.1,3687.26
ORD-2201,2024-02-25,West,Sports,Tennis Racket,3,97.77,0.1,263.98
ORD-2202,2024-04-14,South,Home & Kitchen,Blender,4,130.74,0.1,470.66
ORD-2203,2024-10-11,West,Sports,Cycling Helmet,3,179.99,0.2,431.98
ORD-2204,2024-09-23,North,Electronics,Laptop,4,334.78,0.15,1138.25
ORD-2205,2024-11-14,North,Electronics,Tablet,3,1307.22,0.0,3921.66
ORD-2206,2024-04-25,South,Sports,Yoga Mat,1,97.39,0.2,77.91
ORD-2207,2023-08-18,East,Sports,Yoga Mat,5,81.65,0.15,347.01
ORD-2208,2024-02-29,North,Sports,Dumbbells,1,18.65,0.0,18.65
ORD-2209,2023-12-10,East,Books,Cookbook,2,48.16,0.05,91.5
ORD-2210,2023-02-22,West,Clothing,Sneakers,5,97.24,0.15,413.27
ORD-2211,2024-03-23,South,Sports,Cycling Helmet,2,38.4,0.2,61.44
ORD-2212,2024-07-20,East,Books,History,2,47.69,,95.38
ORD-2213,2023-01-29,South,Electronics,Smartwatch,5,1119.85,,5599.25
ORD-2214,2023-07-11,East,Clothing,Dress,2,137.45,0.0,274.9
ORD-2215,2024-11-06,East,Clothing,Dress,1,69.49,0.0,69.49
ORD-2216,2024-04-15,North,Books,Fiction Novel,5,10.52,0.0,52.6
ORD-2217,2024-01-06,West,Electronics,Laptop,2,708.04,0.05,1345.28
ORD-2218,2024-12-04,South,Sports,Yoga Mat,4,103.18,0.0,412.72
ORD-2219,2023-01-11,East,Clothing,Jeans,2,138.74,0.15,235.86
ORD-2220,2024-09-20,West,Home & Kitchen,Air Fryer,5,177.55,0.0,887.75
ORD-2221,2024-07-02,North,Electronics,Smartphone,1,873.39,0.2,698.71
ORD-2222,2023-12-02,North,Electronics,Smartphone,2,485.69,0.15,825.67
ORD-2223,2023-04-05,South,Home & Kitchen,Vacuum,3,221.18,0.15,564.01
ORD-2224,2023-07-17,West,Sports,Tennis Racket,3,55.65,0.15,141.91
ORD-2225,2023-06-19,East,Sports,Yoga Mat,2,239.13,0.05,454.35
ORD-2226,2024-09-29,East,Books,Science,1,32.33,0.05,30.71
ORD-2227,2023-02-04,South,Electronics,Tablet,5,528.98,0.05,2512.65
ORD-2228,2023-01-31,West,Books,Science,1,13.1,0.0,13.1
ORD-2229,2024-11-03,South,Clothing,T-Shirt,3,86.95,,208.68
ORD-2230,2024-04-21,South,Electronics,Headphones,5,1233.81,0.0,6169.05
ORD-2231,2023-04-16,South,Books,Self-Help,5,17.51,0.1,78.8
ORD-2232,2024-11-29,West,Electronics,Smartwatch,4,613.12,0.0,2452.48
ORD-2233,2023-10-09,North,Sports,Tennis Racket,4,43.03,0.05,163.51
ORD-2234,2023-10-19,North,Sports,Dumbbells,1,166.26,,133.01
ORD-2235,2024-02-17,South,Sports,Cycling Helmet,1,225.52,0.1,202.97
ORD-2236,2024-03-01,North,Electronics,Tablet,3,557.08,0.2,1336.99
ORD-2237,2024-02-07,North,Home & Kitchen,Vacuum,3,218.04,0.05,621.41
ORD-2238,2023-01-30,North,Electronics,Headphones,2,262.18,0.0,524.36
ORD-2239,2023-04-01,South,Sports,Dumbbells,2,185.17,0.2,296.27
ORD-2240,2023-02-14,East,Electronics,Laptop,1,262.4,0.0,262.4
ORD-2241,2024-12-16,East,Books,History,2,46.62,0.1,83.92
ORD-2242,2024-10-14,West,Clothing,Sneakers,4,140.28,0.1,505.01
ORD-2243,2024-05-09,East,Sports,Cycling Helmet,2,36.57,0.2,58.51
ORD-2244,2024-12-12,South,Books,Self-Help,1,8.38,,7.96
ORD-2245,2023-07-12,West,Clothing,Dress,4,38.82,0.0,155.28
ORD-2246,2024-12-26,East,Books,Science,4,34.49,0.2,110.37
ORD-2247,2024-04-08,West,Clothing,Jacket,5,112.42,0.2,449.68
ORD-2248,2024-08-14,East,Sports,Dumbbells,1,49.61,0.0,49.61
ORD-2249,2023-01-30,East,Sports,Dumbbells,4,170.54,0.05,648.05
ORD-2250,2024-03-17,East,Books,Fiction Novel,2,11.78,0.1,21.2
ORD-2251,2023-04-11,East,Sports,Cycling Helmet,1,167.43,0.15,142.32
ORD-2252,2024-08-31,South,Clothing,Dress,3,115.32,0.05,328.66
ORD-2253,2023-08-13,North,Electronics,Smartphone,1,269.08,0.0,269.08
ORD-2254,2023-08-20,East,Books,Fiction Novel,5,36.48,0.05,173.28
ORD-2255,2023-06-25,South,Home & Kitchen,Vacuum,2,123.86,0.0,247.72
ORD-2256,2024-05-30,South,Electronics,Laptop,5,819.79,0.0,4098.95
ORD-2257,2023-06-20,North,Clothing,Jacket,2,79.79,,151.6
ORD-2258,2023-01-22,East,Sports,Tennis Racket,2,243.98,0.0,487.96
ORD-2259,2024-04-30,East,Electronics,Smartwatch,5,201.31,0.2,805.24
ORD-2260,2023-08-22,East,Electronics,Smartwatch,5,854.09,0.2,3416.36
ORD-2261,2024-05-17,West,Home & Kitchen,Air Fryer,3,297.24,0.0,891.72
ORD-2262,2023-11-05,East,Sports,Yoga Mat,3,224.47,0.2,538.73
ORD-2263,2023-10-04,North,Books,History,5,37.77,0.0,188.85
ORD-2264,2024-05-24,East,Clothing,Jeans,1,63.99,0.15,54.39
ORD-2265,2024-01-22,South,Clothing,T-Shirt,1,193.78,0.15,164.71
ORD-2266,2023-09-29,South,Sports,Running Shoes,3,223.68,0.05,637.49
ORD-2267,2023-02-12,South,Home & Kitchen,Air Fryer,5,170.42,0.0,852.1
ORD-2268,2023-10-23,East,Sports,Running Shoes,1,242.83,0.05,230.69
ORD-2269,2024-09-30,East,Clothing,Sneakers,5,139.58,0.0,697.9
ORD-2270,2023-02-11,West,Home & Kitchen,Blender,2,106.41,0.1,191.54
ORD-2271,2024-11-07,East,Electronics,Tablet,1,264.87,0.0,264.87
ORD-2272,2023-03-30,South,Books,Cookbook,3,11.42,0.15,29.12
ORD-2273,2023-02-02,South,Electronics,Headphones,4,1412.82,0.0,5651.28
ORD-2274,2023-09-25,North,Sports,Tennis Racket,3,155.3,0.0,465.9
ORD-2275,2024-11-30,South,Home & Kitchen,Toaster,2,97.51,0.05,185.27
ORD-2276,2024-07-12,West,Electronics,Headphones,2,688.76,0.2,1102.02
ORD-2277,2024-04-24,East,Sports,Cycling Helmet,3,115.5,0.05,329.18
ORD-2278,2023-04-01,West,Books,Fiction Novel,2,32.68,0.0,65.36
ORD-2279,2023-02-24,,Home & Kitchen,Coffee Maker,4,64.0,0.15,217.6
ORD-2280,2023-03-28,North,Books,History,1,17.16,0.15,14.59
ORD-2281,2024-12-08,West,Home & Kitchen,Toaster,3,263.36,0.0,790.08
ORD-2282,2024-07-29,South,Electronics,Smartphone,4,377.32,0.15,1282.89
ORD-2283,2024-09-30,West,Home & Kitchen,Blender,2,60.97,0.0,121.94
ORD-2284,2023-07-29,South,Books,Fiction Novel,1,26.32,0.2,21.06
ORD-2285,2024-05-10,West,Electronics,Headphones,2,1266.35,0.2,2026.16
ORD-2286,2024-03-18,North,Books,History,2,33.63,0.0,67.26
ORD-2287,2024-05-02,South,Clothing,Jeans,4,72.21,0.15,245.51
ORD-2288,2024-01-31,West,Home & Kitchen,Air Fryer,1,155.27,,124.22
ORD-2289,2023-01-12,West,Sports,Yoga Mat,5,86.15,0.15,366.14
ORD-2290,2023-05-23,East,Sports,Yoga Mat,4,222.37,0.05,845.01
ORD-2291,2023-12-24,South,Home & Kitchen,Toaster,5,135.47,0.0,677.35
ORD-2292,2023-05-24,West,Books,Science,3,40.32,0.15,102.82
ORD-2293,2024-09-12,West,Sports,Tennis Racket,2,150.37,0.1,270.67
ORD-2294,2024-08-21,East,Clothing,Jacket,5,169.38,0.0,846.9
ORD-2295,2024-11-12,North,Clothing,Jeans,1,109.9,0.15,93.42
ORD-2296,2024-01-29,South,Clothing,T-Shirt,4,186.03,0.0,744.12
ORD-2297,2024-09-13,East,Electronics,Tablet,1,1400.62,0.0,1400.62
ORD-2298,2023-07-20,South,Clothing,Sneakers,3,108.4,0.15,276.42
ORD-2299,2023-03-30,South,Clothing,Dress,5,24.36,0.15,103.53
ORD-2300,2024-02-22,East,Clothing,T-Shirt,5,118.38,0.0,591.9
ORD-2301,2023-08-01,South,Books,History,5,42.24,0.1,190.08
ORD-2302,2024-03-25,North,Books,Self-Help,4,33.15,0.2,106.08
ORD-2303,2023-05-01,North,Books,Science,4,15.38,,55.37
ORD-2304,2024-12-21,West,Home & Kitchen,Air Fryer,3,48.35,0.2,116.04
ORD-2305,2024-06-14,South,Books,Cookbook,5,27.5,0.05,130.62
ORD-2306,2023-09-27,West,Electronics,Smartwatch,1,241.96,0.05,229.86
ORD-2307,2024-07-14,South,Electronics,Smartphone,3,1401.43,0.15,3573.65
ORD-2308,2023-12-21,North,Sports,Yoga Mat,1,238.23,0.1,214.41
ORD-2309,2023-10-05,South,Books,History,1,9.68,0.05,9.2
ORD-2310,2023-08-22,East,Sports,Tennis Racket,1,233.84,0.0,233.84
ORD-2311,2024-11-29,West,Books,Cookbook,1,29.86,0.0,29.86
ORD-2312,2024-07-16,West,Clothing,Dress,2,40.8,0.0,81.6
ORD-2313,2023-12-18,South,Home & Kitchen,Air Fryer,4,277.88,0.0,1111.52
ORD-2314,2023-01-16,North,Clothing,Dress,2,166.27,0.0,332.54
ORD-2315,2023-12-25,East,Home & Kitchen,Blender,5,206.91,0.0,1034.55
ORD-2316,2024-11-03,North,Sports,Tennis Racket,1,32.95,0.1,29.66
ORD-2317,2024-12-31,West,Home & Kitchen,Coffee Maker,3,284.19,0.2,682.06
ORD-2318,2023-11-23,East,Clothing,Sneakers,5,110.62,0.0,553.1
ORD-2319,2023-03-22,East,Books,History,2,46.04,0.2,73.66
ORD-2320,2024-01-17,North,Books,Self-Help,2,6.61,0.0,13.22
ORD-2321,2024-05-25,North,Sports,Yoga Mat,1,78.52,0.1,70.67
ORD-2322,2024-09-16,East,Electronics,Laptop,4,843.96,0.2,2700.67
ORD-2323,2023-07-08,West,Clothing,Jeans,4,115.85,0.15,393.89
ORD-2324,2023-09-26,East,Home & Kitchen,Blender,5,88.47,0.0,442.35
ORD-2325,2023-04-22,North,Sports,Tennis Racket,5,106.21,0.15,451.39
ORD-2326,2024-08-09,West,Books,History,5,39.61,0.0,198.05
ORD-2327,2023-10-15,North,Clothing,Jeans,3,35.4,0.0,106.2
ORD-2328,2024-09-22,North,Books,History,3,21.28,0.15,54.26
ORD-2329,2023-11-11,North,Books,Fiction Novel,5,34.73,0.2,138.92
ORD-2330,2023-01-10,West,Sports,Yoga Mat,4,23.7,0.0,94.8
ORD-2331,2024-08-16,North,Clothing,Dress,1,69.76,0.1,62.78
ORD-2332,2023-10-10,East,Sports,Dumbbells,3,219.23,0.0,657.69
ORD-2333,2023-04-28,South,Books,Fiction Novel,1,13.29,0.1,11.96
ORD-2334,2023-03-04,South,Electronics,Smartwatch,3,1467.87,0.0,4403.61
ORD-2335,2024-09-06,North,Home & Kitchen,Toaster,2,124.43,0.0,248.86
ORD-2336,2023-11-30,South,Electronics,Smartphone,5,682.77,0.2,2731.08
ORD-2337,2023-01-26,South,Sports,Cycling Helmet,3,157.64,0.0,472.92
ORD-2338,2024-09-28,East,Home & Kitchen,Vacuum,1,73.28,0.0,73.28
ORD-2339,2024-09-15,North,Books,Fiction Novel,2,41.36,0.1,74.45
ORD-2340,2024-01-23,South,Books,Science,5,6.47,0.15,27.5
ORD-2341,2024-08-01,South,Electronics,Laptop,5,1497.16,0.15,6362.93
ORD-2342,2024-09-13,North,Electronics,Smartwatch,4,1056.96,0.1,3805.06
ORD-2343,2023-12-03,South,Books,Science,2,40.96,0.0,81.92
ORD-2344,2024-02-24,West,Electronics,Smartphone,3,303.6,0.1,819.72
ORD-2345,2024-04-04,South,Sports,Running Shoes,4,68.99,0.2,220.77
ORD-2346,2024-11-21,West,Books,Self-Help,5,34.97,0.1,157.37
ORD-2347,2024-02-23,North,Home & Kitchen,Blender,4,166.36,0.0,665.44
ORD-2348,2023-01-16,West,Clothing,Jeans,2,41.74,0.0,83.48
ORD-2349,2023-02-04,South,Sports,Yoga Mat,4,20.62,0.0,82.48
ORD-2350,2023-12-29,West,Books,History,2,23.1,0.1,41.58
ORD-2351,2023-02-16,North,Home & Kitchen,Air Fryer,1,229.46,0.0,229.46
ORD-2352,2024-05-03,East,Sports,Tennis Racket,2,187.36,0.15,318.51
ORD-2353,2023-01-08,South,Books,Fiction Novel,5,31.69,0.15,134.68
ORD-2354,2023-04-10,East,Sports,Dumbbells,2,84.88,0.0,169.76
ORD-2355,2023-10-20,West,Books,Cookbook,3,22.28,0.2,53.47
ORD-2356,2024-08-11,East,Clothing,Dress,5,76.59,0.0,382.95
ORD-2357,2023-08-18,West,Home & Kitchen,Vacuum,2,107.89,0.0,215.78
ORD-2358,2023-04-09,South,Clothing,Jacket,2,119.39,,214.9
ORD-2359,2023-01-07,South,Electronics,Smartwatch,4,1282.26,0.0,5129.04
ORD-2360,2024-06-17,West,Books,History,2,42.4,0.0,84.8
ORD-2361,2024-05-20,West,Electronics,Tablet,3,312.92,0.0,938.76
ORD-2362,2023-08-16,North,Electronics,Headphones,1,625.25,0.1,562.73
ORD-2363,2023-02-09,East,Books,Fiction Novel,4,9.52,0.15,32.37
ORD-2364,2023-09-09,North,Books,Fiction Novel,2,31.39,0.2,50.22
ORD-2365,2024-05-11,South,Home & Kitchen,Vacuum,2,228.06,0.0,456.12
ORD-2366,2023-01-04,South,Electronics,Smartwatch,4,287.44,0.1,1034.78
ORD-2367,2024-09-20,East,Electronics,Tablet,4,1020.33,0.0,4081.32
ORD-2368,2023-10-27,South,Clothing,Jacket,4,108.24,0.15,368.02
ORD-2369,2023-08-13,North,Sports,Cycling Helmet,1,241.29,0.2,193.03
ORD-2370,2024-11-09,South,Sports,Cycling Helmet,4,42.22,0.05,160.44
ORD-2371,2024-05-10,South,Home & Kitchen,Vacuum,4,192.29,0.15,653.79
ORD-2372,2023-03-04,West,Books,Self-Help,5,39.73,0.0,198.65
ORD-2373,2023-09-24,West,Sports,Tennis Racket,1,78.05,0.15,66.34
ORD-2374,2024-02-24,West,Electronics,Headphones,2,944.26,0.0,1888.52
ORD-2375,2023-05-13,,Electronics,Smartwatch,5,901.7,0.15,3832.22
ORD-2376,2024-11-01,North,Home & Kitchen,Air Fryer,1,170.04,0.0,170.04
ORD-2377,2023-10-25,South,Books,History,2,45.98,0.0,91.96
ORD-2378,2023-01-21,North,Clothing,T-Shirt,5,38.45,0.05,182.64
ORD-2379,2023-08-24,North,Home & Kitchen,Air Fryer,2,39.12,0.15,66.5
ORD-2380,2023-03-28,East,Sports,Dumbbells,1,32.36,0.15,27.51
ORD-2381,2023-04-08,South,Electronics,Laptop,5,1230.41,0.0,6152.05
ORD-2382,2023-11-06,North,Home & Kitchen,Vacuum,3,153.9,0.0,461.7
ORD-2383,2024-03-15,East,Sports,Tennis Racket,1,67.23,0.05,63.87
ORD-2384,2024-01-27,South,Books,Cookbook,1,49.69,0.15,42.24
ORD-2385,2023-08-18,West,Books,Fiction Novel,5,48.88,0.05,232.18
ORD-2386,2024-10-20,North,Sports,Running Shoes,3,93.12,0.2,223.49
ORD-2387,2024-05-16,South,Books,Self-Help,5,16.25,0.0,81.25
ORD-2388,2023-03-02,South,Books,Cookbook,4,16.34,0.0,65.36
ORD-2389,2023-01-06,West,Electronics,Headphones,3,1097.52,0.2,2634.05
ORD-2390,2023-11-26,South,Sports,Cycling Helmet,4,181.58,0.1,653.69
ORD-2391,2024-12-17,,Electronics,Laptop,1,688.39,0.2,550.71
ORD-2392,2024-03-24,South,Electronics,Smartphone,1,250.78,0.05,238.24
ORD-2393,2024-07-14,South,Books,History,4,22.97,0.0,91.88
ORD-2394,2024-09-21,East,Home & Kitchen,Toaster,3,182.23,0.0,546.69
ORD-2395,2024-06-15,East,Clothing,Sneakers,5,65.22,0.05,309.8
ORD-2396,2023-01-11,West,Clothing,Jeans,3,94.93,0.0,284.79
ORD-2397,2023-07-24,South,Electronics,Headphones,1,899.05,0.0,899.05
ORD-2398,2023-12-25,North,Books,Self-Help,5,44.75,0.0,223.75
ORD-2399,2024-08-21,West,Home & Kitchen,Air Fryer,3,129.16,0.2,309.98
ORD-2400,2024-08-29,North,Books,Self-Help,2,9.63,0.0,19.26
ORD-2401,2023-12-05,West,Electronics,Smartphone,5,1203.57,0.1,5416.06
ORD-2402,2023-06-22,South,Books,History,1,40.25,0.0,40.25
ORD-2403,2024-05-01,South,Clothing,Jeans,1,78.2,0.0,78.2
ORD-2404,2023-11-06,East,Sports,Tennis Racket,5,193.6,0.0,968.0
ORD-2405,2023-11-16,East,Sports,Tennis Racket,5,89.49,0.0,447.45
ORD-2406,2024-03-23,South,Clothing,Jacket,5,99.5,0.15,422.88
ORD-2407,2023-07-02,East,Books,History,1,43.98,0.2,35.18
ORD-2408,2024-01-27,South,Sports,Dumbbells,3,57.07,0.15,145.53
ORD-2409,2023-01-06,South,Home & Kitchen,Toaster,5,113.81,0.0,569.05
ORD-2410,2023-02-04,East,Books,Fiction Novel,3,33.88,0.05,96.56
ORD-2411,2024-08-08,North,Home & Kitchen,Air Fryer,1,263.06,0.05,249.91
ORD-2412,2024-10-25,West,Sports,Dumbbells,5,204.75,0.0,1023.75
ORD-2413,2023-03-26,South,Clothing,Jeans,4,170.13,0.0,680.52
ORD-2414,2024-07-11,North,Electronics,Headphones,3,1478.42,0.0,4435.26
ORD-2415,2024-08-23,South,Home & Kitchen,Air Fryer,3,169.41,0.15,432.0
ORD-2416,2024-05-28,South,Electronics,Laptop,2,1147.64,0.0,2295.28
ORD-2417,2023-06-27,West,Books,Self-Help,1,19.0,0.1,17.1
ORD-2418,2023-04-01,West,Books,Fiction Novel,1,46.31,0.0,46.31
ORD-2419,2023-01-11,South,Books,Fiction Novel,2,33.71,0.05,64.05
ORD-2420,2023-05-16,South,Clothing,Jacket,3,29.6,0.15,75.48
ORD-2421,2023-08-20,West,Books,Science,2,17.28,0.0,34.56
ORD-2422,2024-05-16,North,Sports,Cycling Helmet,3,150.99,0.0,452.97
ORD-2423,2023-06-09,West,Clothing,T-Shirt,5,122.37,0.15,520.07
ORD-2424,2024-12-17,East,Home & Kitchen,Coffee Maker,5,178.94,0.15,760.5
ORD-2425,2024-04-23,South,Clothing,Jacket,3,25.66,0.0,76.98
ORD-2426,2024-08-23,West,Sports,Dumbbells,3,102.49,0.05,292.1
ORD-2427,2023-01-09,East,Home & Kitchen,Blender,2,143.78,0.0,287.56
ORD-2428,2023-06-16,,Clothing,Jacket,4,118.42,0.2,378.94
ORD-2429,2024-02-13,West,Sports,Running Shoes,4,211.01,0.0,844.04
ORD-2430,2023-02-11,East,Sports,Tennis Racket,2,194.35,0.1,349.83
ORD-2431,2024-08-30,West,Home & Kitchen,Toaster,1,74.29,0.0,74.29
ORD-2432,2023-05-14,South,Books,Self-Help,3,40.49,0.0,121.47
ORD-2433,2024-02-10,West,Clothing,Jacket,2,102.91,0.15,174.95
ORD-2434,2023-07-09,North,Home & Kitchen,Air Fryer,2,261.6,0.05,497.04
ORD-2435,2024-05-03,North,Books,Science,2,20.51,0.05,38.97
ORD-2436,2024-04-19,West,Clothing,Dress,2,157.35,0.0,314.7
ORD-2437,2023-10-17,East,Clothing,Dress,4,127.45,0.1,458.82
ORD-2438,2024-09-15,South,Books,Fiction Novel,2,39.55,0.0,79.1
ORD-2439,2023-03-21,West,Electronics,Smartwatch,2,379.5,0.0,759.0
ORD-2440,2024-10-31,West,Electronics,Headphones,2,753.42,0.0,1506.84
ORD-2441,2024-03-07,East,Sports,Yoga Mat,2,53.43,0.15,90.83
ORD-2442,2024-11-02,North,Electronics,Headphones,4,1244.62,0.0,4978.48
ORD-2443,2023-01-12,West,Books,History,4,34.42,0.15,117.03
ORD-2444,2024-10-11,East,Home & Kitchen,Vacuum,1,192.98,0.2,154.38
ORD-2445,2023-04-25,East,Sports,Cycling Helmet,2,245.47,0.1,441.85
ORD-2446,2023-12-12,North,Electronics,Smartphone,5,535.19,0.1,2408.36
ORD-2447,2024-04-20,North,Sports,Tennis Racket,3,24.36,0.2,58.46
ORD-2448,2024-03-11,East,Books,Science,3,35.37,0.2,84.89
ORD-2449,2024-03-03,East,Clothing,Jacket,1,100.42,0.0,100.42
ORD-2450,2023-09-12,West,Home & Kitchen,Blender,2,52.69,0.0,105.38
ORD-2451,2023-12-20,East,Sports,Tennis Racket,4,176.91,0.0,707.64
ORD-2452,2023-02-11,West,Books,Cookbook,1,19.7,0.0,19.7
ORD-2453,2023-12-12,North,Electronics,Tablet,3,749.29,0.0,2247.87
ORD-2454,2023-07-16,North,Electronics,Tablet,5,539.27,0.0,2696.35
ORD-2455,2024-08-10,East,Clothing,T-Shirt,4,58.74,0.05,223.21
ORD-2456,2024-09-11,North,Clothing,Jacket,4,183.75,,624.75
ORD-2457,2024-11-03,West,Clothing,T-Shirt,2,69.46,0.05,131.97
ORD-2458,2023-08-19,South,Home & Kitchen,Blender,1,221.43,0.0,221.43
ORD-2459,2024-10-12,West,Books,History,5,19.79,0.05,94.0
ORD-2460,2023-12-21,East,Home & Kitchen,Air Fryer,4,70.98,0.2,227.14
ORD-2461,2024-02-17,East,Clothing,Dress,1,138.93,0.1,125.04
ORD-2462,2023-08-01,North,Books,Science,5,21.61,0.0,108.05
ORD-2463,2024-10-01,South,Sports,Yoga Mat,5,54.18,0.0,270.9
ORD-2464,2023-08-29,West,Electronics,Headphones,4,1397.53,0.0,5590.12
ORD-2465,2023-08-12,West,Electronics,Laptop,2,1489.77,0.1,2681.59
ORD-2466,2023-12-27,West,Sports,Running Shoes,2,113.27,0.1,203.89
ORD-2467,2023-08-19,West,Electronics,Headphones,4,843.28,0.05,3204.46
ORD-2468,2023-10-23,West,Clothing,Jeans,1,115.88,0.0,115.88
ORD-2469,2024-03-04,West,Electronics,Tablet,4,445.54,0.0,1782.16
ORD-2470,2024-09-05,North,Books,Cookbook,5,37.95,0.0,189.75
ORD-2471,2024-01-15,North,Books,History,1,38.43,0.2,30.74
ORD-2472,2024-01-13,West,Clothing,Jeans,2,51.54,0.15,87.62
ORD-2473,2023-07-31,North,Home & Kitchen,Blender,5,154.52,0.0,772.6
ORD-2474,2024-05-27,West,Clothing,Jeans,1,164.66,0.2,131.73
ORD-2475,2023-03-13,West,Clothing,Jeans,1,154.75,0.15,131.54
ORD-2476,2024-03-03,North,Sports,Tennis Racket,3,222.59,0.1,600.99
ORD-2477,2024-05-07,West,Books,Fiction Novel,1,18.18,0.05,17.27
ORD-2478,2024-06-07,West,Electronics,Headphones,4,757.17,0.0,3028.68
ORD-2479,2024-01-11,South,Books,Fiction Novel,4,34.54,0.0,138.16
ORD-2480,2023-12-04,North,Clothing,Jacket,1,102.48,0.15,87.11
ORD-2481,2024-12-06,East,Home & Kitchen,Air Fryer,4,119.28,0.05,453.26
ORD-2482,2023-06-01,South,Books,Fiction Novel,5,17.98,0.0,89.9
ORD-2483,2024-08-04,South,Home & Kitchen,Air Fryer,3,158.33,0.05,451.24
ORD-2484,2024-01-29,East,Clothing,Jeans,3,134.62,0.0,403.86
ORD-2485,2023-09-23,North,Clothing,Sneakers,3,149.81,0.15,382.02
ORD-2486,2023-12-19,South,Sports,Running Shoes,2,152.98,0.1,275.36
ORD-2487,2023-06-29,West,Sports,Dumbbells,4,225.83,0.0,903.32
ORD-2488,2023-08-18,South,Clothing,Jacket,2,70.1,0.2,112.16
ORD-2489,2024-04-15,West,Clothing,Jacket,5,184.29,0.0,921.45
ORD-2490,2024-01-08,South,Books,Self-Help,1,22.93,0.0,22.93
ORD-2491,2023-02-27,North,Home & Kitchen,Toaster,4,183.01,0.0,732.04
ORD-2492,2024-12-07,South,Clothing,Jeans,4,51.94,0.1,186.98
ORD-2493,2024-06-19,South,Clothing,T-Shirt,3,30.96,0.0,92.88
ORD-2494,2024-07-03,North,Sports,Tennis Racket,1,89.93,0.15,76.44
ORD-2495,2023-07-22,West,Sports,Yoga Mat,1,142.46,0.0,142.46
ORD-2496,2023-04-25,West,Electronics,Smartwatch,4,1210.61,0.0,4842.44
ORD-2497,2024-02-21,East,Sports,Yoga Mat,5,78.62,0.15,334.13
ORD-2498,2023-09-28,East,Books,Science,5,16.21,0.0,81.05
ORD-2499,2024-05-14,South,Sports,Yoga Mat,1,90.01,0.1,81.01
ORD-2500,2023-04-07,East,Electronics,Tablet,4,645.16,0.15,2193.54
